tick,hour,weather,total_entities,alive_total,dead_total,births_total,deaths_total,alive_herbivores,alive_carnivores,alive_insectivores,avg_thirst,avg_hunger,min_thirst,max_thirst,min_hunger,max_hunger,desperate_count,sleeping_count,drinking_count,grazing_count,foraging_count,hunting_count,fleeing_count,water_drinkers,water_capacity,water_utilization_pct,grazers,grazing_capacity,grazing_utilization_pct,insect_feeders,insect_capacity,insect_utilization_pct,rangers,jeeps,active_long_trips,jeep_seats_taken,jeep_seat_capacity,jeep_occupancy_pct,avg_jeep_fuel,min_jeep_fuel,total_sightings,active_poachers,poacher_spawns_total,poachers_arrested_total,poachers_escaped_total,poached_animals_total,temporary_camps,temporary_camps_created,deaths_thirst,deaths_starvation,deaths_hunting,births_this_tick,deaths_this_tick,poachers_arrested_this_tick,poachers_escaped_this_tick,poached_animals_this_tick
1,1,CLEAR,100,92,0,0,0,67,3,22,23.0,29.6,2,47,1,56,0,53,0,0,0,0,0,0,51,0.0,0,46,0.0,0,22,0.0,4,4,0,0,30,0.0,160.0,160,0,0,0,0,0,0,0,0,0,0,0,0,0,0,0,0
2,2,CLEAR,100,92,0,0,0,67,3,22,25.0,30.6,4,49,2,57,0,52,0,0,1,0,0,0,51,0.0,0,46,0.0,1,22,4.5,4,4,0,0,30,0.0,160.0,160,0,0,0,0,0,0,0,0,0,0,0,0,0,0,0,0
3,3,CLEAR,100,92,0,0,0,67,3,22,27.0,31.4,6,51,3,58,0,49,0,0,1,0,0,0,51,0.0,0,46,0.0,1,22,4.5,4,4,0,0,30,0.0,160.0,160,0,0,0,0,0,0,0,0,0,0,0,0,0,0,0,0
4,4,CLEAR,100,92,0,0,0,67,3,22,29.0,32.1,8,53,4,59,0,46,0,1,2,0,0,0,51,0.0,1,46,2.2,2,22,9.1,4,4,0,0,30,0.0,160.0,160,0,0,0,0,0,0,0,0,0,0,0,0,0,0,0,0
5,5,CLEAR,100,92,0,0,0,67,3,22,31.0,32.4,10,55,0,60,0,39,0,1,1,0,0,0,51,0.0,1,46,2.2,1,22,4.5,4,4,0,0,30,0.0,160.0,160,0,0,0,0,0,0,0,0,0,0,0,0,0,0,0,0
6,6,CLEAR,100,92,0,0,0,67,3,22,33.0,33.0,12,57,0,61,0,9,2,2,1,0,0,2,51,3.9,2,46,4.3,1,22,4.5,4,4,0,0,30,0.0,160.0,160,0,0,0,0,0,0,0,0,0,0,0,0,0,0,0,0
7,7,CLEAR,100,92,0,0,0,67,3,22,34.4,33.3,14,59,0,62,0,10,3,1,1,0,0,3,51,5.9,1,46,2.2,1,22,4.5,4,4,0,0,30,0.0,160.0,160,0,0,0,0,0,0,0,0,0,0,0,0,0,0,0,0
8,8,CLEAR,100,92,0,0,0,67,3,22,35.6,33.8,0,61,0,63,0,10,2,0,1,0,0,2,51,3.9,0,46,0.0,1,22,4.5,4,4,0,0,30,0.0,160.0,160,0,0,0,0,0,0,0,0,0,0,0,0,0,0,0,0
9,9,CLEAR,100,92,0,0,0,67,3,22,37.3,34.8,0,63,0,64,0,10,2,0,0,0,0,2,51,3.9,0,46,0.0,0,22,0.0,4,4,0,0,30,0.0,160.0,160,0,0,0,0,0,0,0,0,0,0,0,0,0,0,0,0
10,10,CLEAR,100,92,0,0,0,67,3,22,38.7,35.8,2,65,1,65,0,10,4,2,0,0,0,4,51,7.8,2,46,4.3,0,22,0.0,4,4,0,0,30,0.0,160.0,160,0,0,0,0,0,0,0,0,0,0,0,0,0,0,0,0
11,11,CLEAR,100,92,0,0,0,67,3,22,39.5,36.2,1,67,2,65,0,10,7,3,0,0,0,7,51,13.7,3,46,6.5,0,22,0.0,4,4,0,0,30,0.0,160.0,160,0,0,0,0,0,0,0,0,0,0,0,0,0,0,0,0
12,12,CLEAR,101,92,0,0,0,67,3,22,39.9,36.4,0,69,0,66,0,9,11,3,1,0,0,11,51,21.6,3,46,6.5,1,22,4.5,4,4,0,0,30,0.0,160.0,160,0,0,1,0,1,0,0,0,0,0,0,0,0,0,1,0
13,13,CLEAR,101,92,0,0,0,67,3,22,39.2,36.5,0,66,0,67,0,8,11,1,1,0,0,11,51,21.6,1,46,2.2,1,22,4.5,4,4,0,0,30,0.0,160.0,160,0,0,1,0,1,0,0,0,0,0,0,0,0,0,0,0
14,14,CLEAR,101,92,0,0,0,67,3,22,38.4,36.9,0,68,1,68,0,6,10,2,1,0,0,10,51,19.6,2,46,4.3,1,22,4.5,4,4,0,0,30,0.0,160.0,160,0,0,1,0,1,0,0,0,0,0,0,0,0,0,0,0
15,15,CLEAR,101,92,0,0,0,67,3,22,38.1,37.4,0,70,0,69,0,5,7,1,0,0,0,7,51,13.7,1,46,2.2,0,22,0.0,4,4,0,26,30,86.7,158.2,158,1,0,1,0,1,0,0,0,0,0,0,0,0,0,0,0
16,16,CLEAR,101,92,0,0,0,67,3,22,38.3,38.1,0,72,1,70,0,3,9,1,0,0,0,9,51,17.6,1,46,2.2,0,22,0.0,4,4,0,26,30,86.7,158.2,158,1,0,1,0,1,0,0,0,0,0,0,0,0,0,0,0
17,17,CLEAR,101,92,0,0,0,67,3,22,38.1,39.0,0,74,0,71,0,2,11,2,0,0,0,11,51,21.6,2,46,4.3,0,22,0.0,4,4,0,26,30,86.7,158.2,158,1,0,1,0,1,0,0,0,0,0,0,0,0,0,0,0
18,18,CLEAR,101,92,0,0,0,67,3,22,37.3,39.4,0,74,1,72,0,17,9,2,0,0,0,9,51,17.6,2,46,4.3,0,22,0.0,4,4,0,26,30,86.7,158.2,158,1,0,1,0,1,0,0,0,0,0,0,0,0,0,0,0
19,19,CLEAR,101,92,0,0,0,67,3,22,37.4,39.8,0,76,2,73,0,17,12,3,0,0,0,12,51,23.5,3,46,6.5,0,22,0.0,4,4,0,26,30,86.7,158.2,158,1,0,1,0,1,0,0,0,0,0,0,0,0,0,0,0
20,20,CLEAR,101,92,0,0,0,67,3,22,36.3,40.2,0,78,0,74,0,17,12,3,0,0,0,12,51,23.5,3,46,6.5,0,22,0.0,4,4,0,26,30,86.7,158.2,158,1,0,1,0,1,0,0,0,0,0,0,0,0,0,0,0
21,21,CLEAR,101,92,0,0,0,67,3,22,35.0,40.3,0,80,1,75,0,16,17,3,0,0,0,17,51,33.3,3,46,6.5,0,22,0.0,4,4,0,26,30,86.7,158.2,158,1,0,1,0,1,0,0,0,0,0,0,0,0,0,0,0
22,22,CLEAR,101,92,0,0,0,67,3,22,33.0,40.5,0,82,0,76,0,16,12,3,1,0,0,12,51,23.5,3,46,6.5,1,22,4.5,4,4,0,26,30,86.7,158.2,158,1,0,1,0,1,0,0,0,0,0,0,0,0,0,0,0
23,23,CLEAR,101,92,0,0,0,67,3,22,31.8,40.4,0,84,0,77,0,18,14,1,1,0,0,14,51,27.5,1,46,2.2,1,22,4.5,4,4,0,26,30,86.7,158.2,158,1,0,1,0,1,0,0,0,0,0,0,0,0,0,0,0
24,0,CLEAR,102,92,0,0,0,67,3,22,30.7,40.9,0,86,0,78,0,15,12,0,1,0,1,12,51,23.5,0,46,0.0,1,22,4.5,4,4,0,26,30,86.7,158.2,158,1,1,2,0,1,0,0,0,0,0,0,0,0,0,0,0
25,1,CLEAR,102,92,0,0,0,67,3,22,29.6,41.7,0,88,0,79,0,16,9,1,0,0,3,9,51,17.6,1,46,2.2,0,22,0.0,4,4,0,26,30,86.7,158.2,158,1,1,2,0,1,0,0,0,0,0,0,0,0,0,0,0
26,2,CLEAR,102,92,0,0,0,67,3,22,29.7,42.4,0,90,1,80,0,17,8,3,0,0,3,8,51,15.7,3,46,6.5,0,22,0.0,4,4,0,26,30,86.7,158.2,158,1,1,2,0,1,0,0,0,0,0,0,0,0,0,0,0
27,3,CLEAR,102,92,0,0,0,67,3,22,30.1,42.5,0,92,2,81,0,16,10,4,0,0,0,10,51,19.6,4,46,8.7,0,22,0.0,4,4,0,26,30,86.7,158.2,158,1,1,2,0,1,0,0,0,0,0,0,0,0,0,0,0
28,4,CLEAR,102,92,0,0,0,67,3,22,29.2,42.6,2,94,0,82,0,18,17,3,0,0,0,17,51,33.3,3,46,6.5,0,22,0.0,4,4,0,26,30,86.7,158.2,158,1,1,2,0,1,0,0,0,0,0,0,0,0,0,0,0
29,5,CLEAR,102,92,0,0,0,67,3,22,26.6,42.9,0,87,0,83,0,19,16,4,2,0,0,16,51,31.4,4,46,8.7,2,22,9.1,4,4,0,20,30,66.7,156.5,156,1,1,2,0,1,0,0,0,0,0,0,0,0,0,0,0
30,6,CLEAR,102,92,0,0,0,67,3,22,24.9,42.2,0,89,1,84,0,3,12,6,3,0,0,12,51,23.5,6,46,13.0,3,22,13.6,4,4,0,20,30,66.7,156.5,156,1,1,2,0,1,0,0,0,0,0,0,0,0,0,0,0
31,7,CLEAR,102,92,0,0,0,67,3,22,23.7,41.1,0,91,0,85,0,4,7,4,4,0,0,7,51,13.7,4,46,8.7,4,22,18.2,4,4,0,20,30,66.7,156.5,156,1,1,2,0,1,0,0,0,0,0,0,0,0,0,0,0
32,8,CLEAR,102,92,0,0,0,67,3,22,24.0,40.2,0,93,0,86,0,5,6,4,3,0,0,6,51,11.8,4,46,8.7,3,22,13.6,4,4,0,20,30,66.7,156.5,156,1,1,2,0,1,0,0,0,0,0,0,0,0,0,0,0
33,9,CLEAR,102,92,0,0,0,67,3,22,24.4,39.5,0,74,0,87,0,7,5,3,3,0,0,5,51,9.8,3,46,6.5,3,22,13.6,4,4,0,20,30,66.7,156.5,156,1,1,2,0,1,0,0,0,0,0,0,0,0,0,0,0
34,10,CLEAR,102,92,0,0,0,67,3,22,25.0,38.9,2,76,0,88,0,8,8,3,3,1,0,8,51,15.7,3,46,6.5,3,22,13.6,4,4,0,20,30,66.7,156.5,156,1,1,2,0,1,0,0,0,0,0,0,0,0,0,0,0
35,11,CLEAR,102,92,0,0,0,67,3,22,24.9,38.5,0,75,0,89,0,7,6,5,3,1,0,6,51,11.8,5,46,10.9,3,22,13.6,4,4,0,20,30,66.7,156.5,156,1,1,2,0,1,0,0,0,0,0,0,0,0,0,0,0
36,12,CLEAR,103,92,0,0,0,67,3,22,25.4,37.6,0,77,0,90,0,8,3,5,1,1,1,3,51,5.9,5,46,10.9,1,22,4.5,4,4,0,20,30,66.7,156.5,156,1,2,3,0,1,0,0,0,0,0,0,0,0,0,0,0
37,13,CLEAR,103,92,0,0,0,67,3,22,26.6,36.9,0,79,1,91,0,8,4,7,2,1,1,4,51,7.8,7,46,15.2,2,22,9.1,4,4,0,20,30,66.7,156.5,156,1,2,3,0,1,0,0,0,0,0,0,0,0,0,0,0
38,14,CLEAR,103,92,0,0,0,67,3,22,27.7,35.8,0,76,0,92,0,7,2,8,1,1,0,2,51,3.9,8,46,17.4,1,22,4.5,4,4,0,20,30,66.7,156.5,156,1,2,3,0,1,0,0,0,0,0,0,0,0,0,0,0
39,15,CLEAR,103,92,0,0,0,67,3,22,29.1,34.3,0,78,0,93,0,6,2,8,2,1,0,2,51,3.9,8,46,17.4,2,22,9.1,4,4,0,20,30,66.7,156.5,156,1,2,3,0,1,0,0,0,0,0,0,0,0,0,0,0
40,16,CLEAR,103,92,0,0,0,67,3,22,30.5,33.0,2,80,0,94,0,6,2,6,1,1,0,2,51,3.9,6,46,13.0,1,22,4.5,4,4,0,20,30,66.7,156.5,156,1,2,3,0,1,0,0,0,0,0,0,0,0,0,0,0
41,17,CLEAR,103,91,1,0,1,66,3,22,31.9,31.6,0,82,0,95,0,5,2,7,2,0,1,2,51,3.9,7,46,15.2,2,22,9.1,4,4,0,20,30,66.7,156.5,156,1,2,3,0,1,0,0,0,0,0,1,0,1,0,0,0
42,18,CLEAR,103,91,1,0,1,66,3,22,33.5,30.4,0,84,0,96,0,32,3,5,2,0,0,3,51,5.9,5,46,10.9,2,22,9.1,4,4,0,20,30,66.7,156.5,156,1,2,3,0,1,0,0,0,0,0,1,0,0,0,0,0
43,19,CLEAR,103,91,1,0,1,66,3,22,34.6,30.0,2,86,0,97,0,32,3,4,2,0,0,3,51,5.9,4,46,8.7,2,22,9.1,4,4,0,0,30,0.0,155.8,155,1,2,3,0,1,0,0,0,0,0,1,0,0,0,0,0
44,20,CLEAR,103,91,1,0,1,66,3,22,36.0,29.5,0,88,0,98,0,32,3,6,2,0,0,3,51,5.9,6,46,13.0,2,22,9.1,4,4,0,0,30,0.0,155.8,155,1,2,3,0,1,0,0,0,0,0,1,0,0,0,0,0
45,21,CLEAR,103,91,1,0,1,66,3,22,37.5,28.6,0,90,0,99,0,31,7,3,1,0,0,7,51,13.7,3,46,6.5,1,22,4.5,4,4,0,0,30,0.0,155.8,155,1,2,3,0,1,0,0,0,0,0,1,0,0,0,0,0
46,22,CLEAR,103,90,2,0,2,65,3,22,37.5,27.8,2,66,0,93,0,26,8,0,2,0,1,8,51,15.7,0,46,0.0,2,22,9.1,4,4,0,0,30,0.0,155.8,155,1,2,3,0,1,0,0,0,0,1,1,0,1,0,0,0
47,23,CLEAR,103,90,2,0,2,65,3,22,37.3,28.5,0,68,0,94,0,27,10,1,1,0,1,10,51,19.6,1,46,2.2,1,22,4.5,4,4,0,0,30,0.0,155.8,155,1,2,3,0,1,0,0,0,0,1,1,0,0,0,0,0
48,0,CLEAR,106,93,2,3,2,67,3,23,36.6,28.6,0,68,1,95,0,23,8,2,1,0,1,8,51,15.7,2,46,4.3,1,22,4.5,4,4,0,0,30,0.0,155.8,155,1,2,3,0,1,0,0,0,0,1,1,3,0,0,0,0
49,1,CLEAR,106,93,2,3,2,67,3,23,36.5,28.9,0,70,0,96,0,25,9,2,0,0,1,9,51,17.6,2,46,4.3,0,22,0.0,4,4,0,0,30,0.0,155.8,155,1,2,3,0,1,0,0,0,0,1,1,0,0,0,0,0
50,2,CLEAR,106,93,2,3,2,67,3,23,36.2,29.4,0,72,1,97,0,22,10,2,0,0,0,10,51,19.6,2,46,4.3,0,22,0.0,4,4,0,0,30,0.0,155.8,155,1,2,3,0,1,0,0,0,0,1,1,0,0,0,0,0
51,3,CLEAR,106,93,2,3,2,67,3,23,35.9,30.1,0,74,0,98,0,23,14,4,0,0,0,14,51,27.5,4,46,8.7,0,22,0.0,4,4,0,0,30,0.0,155.8,155,1,2,3,0,1,0,0,0,0,1,1,0,0,0,0,0
52,4,CLEAR,106,93,2,3,2,67,3,23,34.3,30.2,0,70,0,99,0,26,14,3,2,0,0,14,51,27.5,3,46,6.5,2,22,9.1,4,4,0,0,30,0.0,155.8,155,1,2,3,0,1,0,0,0,0,1,1,0,0,0,0,0
53,5,CLEAR,106,92,3,3,3,66,3,23,32.6,29.0,0,68,1,93,0,27,15,3,2,0,0,15,51,29.4,3,46,6.5,2,22,9.1,4,4,0,0,30,0.0,155.8,155,1,2,3,0,1,0,0,0,0,2,1,0,1,0,0,0
54,6,CLEAR,106,92,3,3,3,66,3,23,31.2,28.6,0,70,0,94,0,4,11,3,3,0,3,11,51,21.6,3,46,6.5,3,22,13.6,4,4,0,0,30,0.0,155.8,155,1,2,3,0,1,0,0,0,0,2,1,0,0,0,0,0
55,7,CLEAR,106,91,4,3,4,65,3,23,31.0,28.0,0,72,0,75,0,5,11,1,1,0,4,11,51,21.6,1,46,2.2,1,22,4.5,4,4,0,0,30,0.0,155.8,155,1,2,3,0,1,0,0,0,0,2,2,0,1,0,0,0
56,8,CLEAR,106,91,4,3,4,65,3,23,30.3,28.4,0,68,1,76,0,5,10,2,2,0,4,10,51,19.6,2,46,4.3,2,22,9.1,4,4,0,0,30,0.0,155.8,155,1,2,3,0,1,0,0,0,0,2,2,0,0,0,0,0
57,9,CLEAR,106,91,4,3,4,65,3,23,29.4,28.5,0,70,0,77,0,6,12,3,1,0,0,12,51,23.5,3,46,6.5,1,22,4.5,4,4,1,5,30,16.7,154.5,154,0,2,3,0,1,0,0,0,0,2,2,0,0,0,0,0
58,10,CLEAR,106,91,4,3,4,65,3,23,28.2,28.5,0,72,0,74,0,6,9,3,0,0,2,9,51,17.6,3,46,6.5,0,22,0.0,4,4,1,5,30,16.7,154.5,154,0,2,3,0,1,0,0,0,0,2,2,0,0,0,0,0
59,11,CLEAR,106,91,4,3,4,65,3,23,28.2,28.6,0,74,1,73,0,8,10,4,0,0,3,10,51,19.6,4,46,8.7,0,22,0.0,4,4,1,5,30,16.7,154.5,154,0,2,3,0,1,0,0,0,0,2,2,0,0,0,0,0
60,12,CLEAR,106,91,4,3,4,65,3,23,27.8,28.5,0,70,2,74,0,8,11,5,0,0,5,11,51,21.6,5,46,10.9,0,22,0.0,4,4,1,5,30,16.7,154.5,154,0,2,3,0,1,0,0,0,0,2,2,0,0,0,0,0
61,13,CLEAR,106,90,5,3,5,64,3,23,26.8,28.5,2,72,0,75,0,8,14,3,0,0,1,14,51,27.5,3,46,6.5,0,22,0.0,4,4,1,5,30,16.7,154.5,154,0,2,3,0,1,1,0,0,0,2,2,0,1,0,0,1
62,14,CLEAR,106,90,5,3,5,64,3,23,25.5,28.7,0,74,1,76,0,7,10,6,0,0,0,10,51,19.6,6,46,13.0,0,22,0.0,4,4,1,5,30,16.7,154.5,154,0,2,3,0,1,1,0,0,0,2,2,0,0,0,0,0
63,15,CLEAR,106,89,6,3,6,63,3,23,25.2,28.2,0,76,0,77,0,7,12,6,0,0,0,12,51,23.5,6,46,13.0,0,22,0.0,4,4,1,5,30,16.7,154.5,154,0,2,3,0,1,2,0,0,0,2,2,0,1,0,0,1
64,16,CLEAR,106,89,6,3,6,63,3,23,23.9,27.7,0,68,0,78,0,7,10,2,0,0,0,10,51,19.6,2,46,4.3,0,22,0.0,4,4,1,5,30,16.7,154.5,154,0,2,3,0,1,2,0,0,0,2,2,0,0,0,0,0
65,17,CLEAR,106,89,6,3,6,63,3,23,23.4,28.2,0,66,0,79,0,7,8,1,0,0,0,8,51,15.7,1,46,2.2,0,22,0.0,4,4,1,5,30,16.7,154.5,154,0,2,3,0,1,2,0,0,0,2,2,0,0,0,0,0
66,18,CLEAR,106,89,6,3,6,63,3,23,23.6,28.9,0,68,1,80,0,47,3,1,0,1,0,3,51,5.9,1,46,2.2,0,22,0.0,4,4,1,5,30,16.7,154.5,154,0,2,3,0,1,2,0,0,0,2,2,0,0,0,0,0
67,19,CLEAR,106,89,6,3,6,63,3,23,25.1,29.6,0,70,0,81,0,50,1,1,0,1,0,1,51,2.0,1,46,2.2,0,22,0.0,4,4,1,5,30,16.7,154.5,154,0,2,3,0,1,2,0,0,0,2,2,0,0,0,0,0
68,20,CLEAR,106,89,6,3,6,63,3,23,26.8,30.3,2,72,1,82,0,53,2,2,0,1,0,2,51,3.9,2,46,4.3,0,22,0.0,4,4,1,5,30,16.7,154.5,154,0,2,3,0,1,2,0,0,0,2,2,0,0,0,0,0
69,21,CLEAR,106,89,6,3,6,63,3,23,28.2,30.8,4,74,0,83,0,50,3,2,0,1,0,3,51,5.9,2,46,4.3,0,22,0.0,4,4,1,5,30,16.7,154.5,154,0,2,3,0,1,2,0,0,0,2,2,0,0,0,0,0
70,22,CLEAR,106,89,6,3,6,63,3,23,29.3,31.2,0,76,1,84,0,50,2,4,0,1,0,2,51,3.9,4,46,8.7,0,22,0.0,4,4,1,5,30,16.7,153.2,153,0,2,3,0,1,2,0,0,0,2,2,0,0,0,0,0
71,23,CLEAR,106,89,6,3,6,63,3,23,30.7,31.0,2,78,2,83,0,50,4,6,0,1,0,4,51,7.8,6,46,13.0,0,22,0.0,4,4,1,5,30,16.7,153.2,153,0,2,3,0,1,2,0,0,0,2,2,0,0,0,0,0
72,0,CLEAR,111,94,6,8,6,67,3,24,31.2,29.8,0,70,0,79,0,45,4,6,0,1,0,4,51,7.8,6,46,13.0,0,22,0.0,4,4,1,5,30,16.7,153.2,153,0,2,3,0,1,2,0,0,0,2,2,5,0,0,0,0
73,1,CLEAR,111,94,6,8,6,67,3,24,32.1,29.4,0,72,0,77,0,51,6,7,0,1,0,6,51,11.8,7,46,15.2,0,22,0.0,4,4,1,5,30,16.7,153.2,153,0,2,3,0,1,2,0,0,0,2,2,0,0,0,0,0
74,2,CLEAR,111,94,6,8,6,67,3,24,32.4,28.9,1,72,0,78,0,49,8,6,2,1,0,8,51,15.7,6,46,13.0,2,22,9.1,4,4,1,5,30,16.7,153.2,153,0,1,3,0,2,2,0,0,0,2,2,0,0,0,1,0
75,3,CLEAR,111,94,6,8,6,67,3,24,32.6,27.9,0,74,0,79,0,50,8,3,2,1,0,8,51,15.7,3,46,6.5,2,22,9.1,4,4,1,5,30,16.7,153.2,153,0,1,3,0,2,2,0,0,0,2,2,0,0,0,0,0
76,4,CLEAR,111,94,6,8,6,67,3,24,32.7,27.8,0,68,0,80,0,47,9,2,2,1,0,9,51,17.6,2,46,4.3,2,22,9.1,4,4,1,5,30,16.7,153.2,153,0,1,3,0,2,2,0,0,0,2,2,0,0,0,0,0
77,5,CLEAR,111,94,6,8,6,67,3,24,32.6,28.1,0,70,0,81,0,47,7,1,0,1,0,7,51,13.7,1,46,2.2,0,22,0.0,4,4,1,5,30,16.7,153.2,153,0,1,3,0,2,2,0,0,0,2,2,0,0,0,0,0
78,6,CLEAR,111,94,6,8,6,67,3,24,32.8,29.1,0,72,0,82,0,5,6,0,0,1,1,6,51,11.8,0,46,0.0,0,22,0.0,4,4,1,5,30,16.7,153.2,153,0,1,3,0,2,2,0,0,0,2,2,0,0,0,0,0
79,7,CLEAR,111,94,6,8,6,67,3,24,33.8,30.1,0,74,1,83,0,6,8,0,1,1,7,8,51,15.7,0,46,0.0,1,22,4.5,4,4,1,5,30,16.7,153.2,153,0,1,3,0,2,2,0,0,0,2,2,0,0,0,0,0
80,8,CLEAR,111,94,6,8,6,67,3,24,33.7,30.9,0,71,2,84,0,6,12,0,2,1,3,12,51,23.5,0,46,0.0,2,22,9.1,4,4,1,5,30,16.7,153.2,153,0,1,3,0,2,2,0,0,0,2,2,0,0,0,0,0
81,9,CLEAR,111,94,6,8,6,67,3,24,32.7,31.3,0,66,3,85,0,6,14,0,2,1,2,14,51,27.5,0,46,0.0,2,22,9.1,4,4,1,5,30,16.7,153.2,153,0,1,3,0,2,2,0,0,0,2,2,0,0,0,0,0
82,10,CLEAR,111,94,6,8,6,67,3,24,31.2,32.0,0,68,0,86,0,6,13,2,1,1,1,13,51,25.5,2,46,4.3,1,22,4.5,4,4,1,5,30,16.7,153.2,153,0,1,3,0,2,2,0,0,0,2,2,0,0,0,0,0
83,11,CLEAR,111,94,6,8,6,67,3,24,30.2,32.1,0,68,0,87,0,7,13,3,1,1,2,13,51,25.5,3,46,6.5,1,22,4.5,4,4,1,5,30,16.7,153.2,153,0,0,3,0,3,2,0,0,0,2,2,0,0,0,1,0
84,12,CLEAR,111,94,6,8,6,67,3,24,29.1,32.1,0,70,0,88,0,8,14,4,1,1,2,14,51,27.5,4,46,8.7,1,22,4.5,4,4,1,5,30,16.7,152.0,152,0,0,3,0,3,2,0,0,0,2,2,0,0,0,0,0
85,13,CLEAR,111,94,6,8,6,67,3,24,27.7,31.8,0,68,0,89,0,7,15,3,0,1,2,15,51,29.4,3,46,6.5,0,22,0.0,4,4,1,5,30,16.7,152.0,152,0,0,3,0,3,2,0,0,0,2,2,0,0,0,0,0
86,14,CLEAR,111,94,6,8,6,67,3,24,26.2,32.0,0,64,0,90,0,6,13,3,0,1,5,13,51,25.5,3,46,6.5,0,22,0.0,4,4,1,5,30,16.7,152.0,152,0,0,3,0,3,2,0,0,0,2,2,0,0,0,0,0
87,15,CLEAR,111,94,6,8,6,67,3,24,25.1,32.6,0,60,0,91,0,6,13,4,0,1,6,13,51,25.5,4,46,8.7,0,22,0.0,4,4,1,5,30,16.7,152.0,152,0,0,3,0,3,2,0,0,0,2,2,0,0,0,0,0
88,16,CLEAR,111,94,6,8,6,67,3,24,24.1,32.5,0,58,1,92,0,6,9,7,0,1,3,9,51,17.6,7,46,15.2,0,22,0.0,4,4,1,5,30,16.7,152.0,152,0,0,3,0,3,2,0,0,0,2,2,0,0,0,0,0
89,17,CLEAR,111,94,6,8,6,67,3,24,23.9,31.7,0,60,0,93,0,6,10,7,0,1,8,10,51,19.6,7,46,15.2,0,22,0.0,4,4,1,5,30,16.7,152.0,152,0,0,3,0,3,2,0,0,0,2,2,0,0,0,0,0
90,18,CLEAR,111,93,7,8,7,66,3,24,24.0,30.6,0,62,0,93,0,29,9,2,1,0,0,9,51,17.6,2,46,4.3,1,22,4.5,4,4,1,5,30,16.7,152.0,152,0,0,3,0,3,2,0,0,0,2,3,0,1,0,0,0
91,19,CLEAR,111,93,7,8,7,66,3,24,23.8,31.0,0,64,0,94,0,34,7,1,1,0,1,7,51,13.7,1,46,2.2,1,22,4.5,4,4,1,5,30,16.7,152.0,152,0,0,3,0,3,2,0,0,0,2,3,0,0,0,0,0
92,20,CLEAR,111,93,7,8,7,66,3,24,24.2,31.4,0,66,1,95,0,37,10,1,2,0,0,10,51,19.6,1,46,2.2,2,22,9.1,4,4,1,5,30,16.7,152.0,152,0,0,3,0,3,2,0,0,0,2,3,0,0,0,0,0
93,21,CLEAR,111,93,7,8,7,66,3,24,24.2,31.8,0,68,0,96,0,38,9,2,3,0,0,9,51,17.6,2,46,4.3,3,22,13.6,4,4,1,5,30,16.7,152.0,152,0,0,3,0,3,2,0,0,0,2,3,0,0,0,0,0
94,22,CLEAR,111,93,7,8,7,66,3,24,23.8,31.4,0,68,1,97,0,40,10,5,3,0,1,10,51,19.6,5,46,10.9,3,22,13.6,4,4,1,5,30,16.7,152.0,152,0,0,3,0,3,2,0,0,0,2,3,0,0,0,0,0
95,23,CLEAR,111,93,7,8,7,66,3,24,24.0,30.4,0,70,0,98,0,40,7,5,0,0,0,7,51,13.7,5,46,10.9,0,22,0.0,4,4,1,5,30,16.7,152.0,152,0,0,3,0,3,2,0,0,0,2,3,0,0,0,0,0
96,0,CLEAR,117,98,7,13,7,71,3,24,24.2,29.6,0,72,0,99,0,41,4,3,0,0,2,4,51,7.8,3,46,6.5,0,22,0.0,4,4,1,5,30,16.7,152.0,152,0,1,4,0,3,2,0,0,0,2,3,5,0,0,0,0
97,1,CLEAR,117,97,8,13,8,70,3,24,25.3,29.5,0,74,0,65,0,49,4,3,2,0,1,4,51,7.8,3,46,6.5,2,22,9.1,4,4,1,5,30,16.7,152.0,152,0,1,4,0,3,2,0,0,0,3,3,0,1,0,0,0
98,2,CLEAR,117,97,8,13,8,70,3,24,26.5,29.2,0,70,1,64,0,52,5,4,3,0,1,5,51,9.8,4,46,8.7,3,22,13.6,4,4,1,5,30,16.7,150.2,150,0,1,4,0,3,2,0,0,0,3,3,0,0,0,0,0
99,3,CLEAR,117,97,8,13,8,70,3,24,27.1,28.5,2,68,0,65,0,51,8,3,4,0,1,8,51,15.7,3,46,6.5,4,22,18.2,4,4,1,5,30,16.7,150.2,150,0,1,4,0,3,2,0,0,0,3,3,0,0,0,0,0
100,4,CLEAR,117,97,8,13,8,70,3,24,27.1,28.4,0,68,0,64,0,50,9,3,2,0,0,9,51,17.6,3,46,6.5,2,22,9.1,4,4,1,5,30,16.7,150.2,150,0,1,4,0,3,2,0,0,0,3,3,0,0,0,0,0
101,5,CLEAR,117,97,8,13,8,70,3,24,26.8,28.4,0,70,0,65,0,51,7,3,3,0,0,7,51,13.7,3,46,6.5,3,22,13.6,4,4,1,5,30,16.7,150.2,150,0,1,4,0,3,2,0,0,0,3,3,0,0,0,0,0
102,6,CLEAR,117,97,8,13,8,70,3,24,27.3,27.9,0,72,0,66,0,6,2,5,2,0,7,2,51,3.9,5,46,10.9,2,22,9.1,4,4,1,5,30,16.7,150.2,150,0,1,4,0,3,2,0,0,0,3,3,0,0,0,0,0
103,7,CLEAR,117,97,8,13,8,70,3,24,29.1,27.4,0,74,0,67,0,7,1,2,3,0,6,1,51,2.0,2,46,4.3,3,22,13.6,4,4,1,5,30,16.7,150.2,150,0,1,4,0,3,2,0,0,0,3,3,0,0,0,0,0
104,8,CLEAR,117,97,8,13,8,70,3,24,30.8,27.3,2,58,0,67,0,7,3,1,1,0,1,3,51,5.9,1,46,2.2,1,22,4.5,4,4,1,5,30,16.7,150.2,150,0,1,4,0,3,2,0,0,0,3,3,0,0,0,0,0
105,9,CLEAR,117,97,8,13,8,70,3,24,32.0,27.9,4,60,0,68,0,7,4,3,1,0,1,4,51,7.8,3,46,6.5,1,22,4.5,4,4,1,5,30,16.7,150.2,150,0,1,4,0,3,2,0,0,0,3,3,0,0,0,0,0
106,10,CLEAR,117,97,8,13,8,70,3,24,32.9,27.9,0,60,0,69,0,7,5,6,0,0,2,5,51,9.8,6,46,13.0,0,22,0.0,4,4,1,5,30,16.7,150.2,150,0,1,4,0,3,2,0,0,0,3,3,0,0,0,0,0
107,11,CLEAR,117,97,8,13,8,70,3,24,33.7,27.3,0,62,1,70,0,5,4,7,1,0,1,4,51,7.8,7,46,15.2,1,22,4.5,4,4,1,5,30,16.7,150.2,150,0,1,4,0,3,2,0,0,0,3,3,0,0,0,0,0
108,12,CLEAR,117,97,8,13,8,70,3,24,34.7,26.7,0,64,0,71,0,5,7,4,1,0,4,7,51,13.7,4,46,8.7,1,22,4.5,4,4,1,5,30,16.7,150.2,150,0,1,4,0,3,2,0,0,0,3,3,0,0,0,0,0
109,13,CLEAR,117,97,8,13,8,70,3,24,35.2,27.0,0,64,0,72,0,5,9,2,1,0,4,9,51,17.6,2,46,4.3,1,22,4.5,4,4,1,5,30,16.7,150.2,150,0,1,4,0,3,2,0,0,0,3,3,0,0,0,0,0
110,14,CLEAR,117,97,8,13,8,70,3,24,34.7,27.6,0,66,0,73,0,5,14,1,0,0,2,14,51,27.5,1,46,2.2,0,22,0.0,4,4,1,5,30,16.7,150.2,150,0,1,4,0,3,2,0,0,0,3,3,0,0,0,0,0
111,15,CLEAR,117,97,8,13,8,70,3,24,33.6,28.4,0,68,0,74,0,5,14,1,1,1,3,14,51,27.5,1,46,2.2,1,22,4.5,4,4,0,19,30,63.3,148.2,148,0,1,4,0,3,2,0,0,0,3,3,0,0,0,0,0
112,16,CLEAR,117,97,8,13,8,70,3,24,32.5,28.9,0,70,1,75,0,5,15,3,2,1,2,15,51,29.4,3,46,6.5,2,22,9.1,4,4,0,19,30,63.3,148.2,148,0,1,4,0,3,2,0,0,0,3,3,0,0,0,0,0
113,17,CLEAR,117,97,8,13,8,70,3,24,31.4,28.5,0,72,2,76,0,4,9,4,3,1,3,9,51,17.6,4,46,8.7,3,22,13.6,4,4,0,19,30,63.3,148.2,148,0,1,4,0,3,2,0,0,0,3,3,0,0,0,0,0
114,18,CLEAR,117,97,8,13,8,70,3,24,31.2,28.0,0,74,0,73,0,36,12,2,3,1,4,12,51,23.5,2,46,4.3,3,22,13.6,4,4,0,19,30,63.3,148.2,148,0,1,4,0,3,2,0,0,0,3,3,0,0,0,0,0
115,19,CLEAR,117,97,8,13,8,70,3,24,30.5,28.0,0,64,0,74,0,37,13,1,2,1,1,13,51,25.5,1,46,2.2,2,22,9.1,4,4,0,19,30,63.3,148.2,148,0,0,4,0,4,2,0,0,0,3,3,0,0,0,1,0
116,20,CLEAR,117,97,8,13,8,70,3,24,29.4,28.4,0,66,0,75,0,35,8,2,2,1,3,8,51,15.7,2,46,4.3,2,22,9.1,4,4,0,19,30,63.3,148.2,148,0,0,4,0,4,2,0,0,0,3,3,0,0,0,0,0
117,21,CLEAR,117,97,8,13,8,70,3,24,29.5,28.7,0,68,0,76,0,29,10,1,1,1,6,10,51,19.6,1,46,2.2,1,22,4.5,4,4,0,19,30,63.3,148.2,148,0,0,4,0,4,2,0,0,0,3,3,0,0,0,0,0
118,22,CLEAR,117,97,8,13,8,70,3,24,29.3,29.2,0,70,1,77,0,29,9,1,1,1,4,9,51,17.6,1,46,2.2,1,22,4.5,4,4,0,19,30,63.3,148.2,148,0,0,4,0,4,2,0,0,0,3,3,0,0,0,0,0
119,23,CLEAR,117,96,9,13,9,69,3,24,28.7,29.4,0,72,0,70,0,26,11,0,0,0,8,11,51,21.6,0,46,0.0,0,22,0.0,4,4,0,19,30,63.3,148.2,148,0,0,4,0,4,2,0,0,0,3,4,0,1,0,0,0
120,0,CLEAR,123,101,9,18,9,72,3,26,27.5,29.8,0,74,1,71,0,27,10,1,0,0,5,10,51,19.6,1,46,2.2,0,22,0.0,4,4,0,19,30,63.3,148.2,148,0,1,5,0,4,2,0,0,0,3,4,5,0,0,0,0
121,1,CLEAR,123,101,9,18,9,72,3,26,27.2,30.6,0,76,2,72,0,33,11,5,0,0,2,11,51,21.6,5,46,10.9,0,22,0.0,4,4,0,19,30,63.3,148.2,148,0,1,5,0,4,2,0,0,0,3,4,0,0,0,0,0
122,2,CLEAR,123,101,9,18,9,72,3,26,26.6,30.3,0,70,0,73,0,35,13,6,1,0,3,13,51,25.5,6,46,13.0,1,22,4.5,4,4,0,19,30,63.3,148.2,148,0,1,5,0,4,2,0,0,0,3,4,0,0,0,0,0
123,3,CLEAR,123,101,9,18,9,72,3,26,25.5,29.6,0,68,0,68,0,39,10,4,2,0,1,10,51,19.6,4,46,8.7,2,22,9.1,4,4,0,19,30,63.3,148.2,148,0,1,5,0,4,2,0,0,0,3,4,0,0,0,0,0
124,4,CLEAR,123,101,9,18,9,72,3,26,25.4,29.4,0,70,0,69,0,42,10,3,2,0,3,10,51,19.6,3,46,6.5,2,22,9.1,4,4,0,19,30,63.3,148.2,148,0,1,5,0,4,2,0,0,0,3,4,0,0,0,0,0
125,5,CLEAR,123,101,9,18,9,72,3,26,25.5,29.5,0,72,0,70,0,44,5,3,1,1,1,5,51,9.8,3,46,6.5,1,22,4.5,4,4,0,19,30,63.3,146.2,146,0,1,5,0,4,2,0,0,0,3,4,0,0,0,0,0
126,6,CLEAR,123,100,10,18,10,71,3,26,26.0,28.9,0,74,0,65,0,8,8,4,0,0,12,8,51,15.7,4,46,8.7,0,22,0.0,4,4,0,19,30,63.3,146.2,146,0,1,5,0,4,2,0,0,0,3,5,0,1,0,0,0
127,7,CLEAR,123,100,10,18,10,71,3,26,26.3,29.0,0,68,0,66,0,9,8,6,0,0,17,8,51,15.7,6,46,13.0,0,22,0.0,4,4,0,19,30,63.3,146.2,146,0,1,5,0,4,2,0,0,0,3,5,0,0,0,0,0
128,8,CLEAR,123,100,10,18,10,71,3,26,26.2,28.7,0,70,0,67,0,9,8,6,0,0,8,8,51,15.7,6,46,13.0,0,22,0.0,4,4,0,19,30,63.3,146.2,146,0,1,5,0,4,2,0,0,0,3,5,0,0,0,0,0
129,9,CLEAR,123,100,10,18,10,71,3,26,26.4,28.3,0,72,0,68,0,9,5,7,0,0,9,5,51,9.8,7,46,15.2,0,22,0.0,4,4,0,19,30,63.3,146.2,146,0,1,5,0,4,2,0,0,0,3,5,0,0,0,0,0
130,10,CLEAR,123,100,10,18,10,71,3,26,27.4,28.0,0,66,0,69,0,10,4,6,0,0,5,4,51,7.8,6,46,13.0,0,22,0.0,4,4,0,19,30,63.3,146.2,146,0,1,5,0,4,2,0,0,0,3,5,0,0,0,0,0
131,11,CLEAR,123,100,10,18,10,71,3,26,28.6,27.9,0,68,0,70,0,9,3,6,0,0,8,3,51,5.9,6,46,13.0,0,22,0.0,4,4,0,19,30,63.3,146.2,146,0,1,5,0,4,2,0,0,0,3,5,0,0,0,0,0
132,12,CLEAR,123,100,10,18,10,71,3,26,29.8,27.6,0,70,0,71,0,8,2,3,0,0,5,2,51,3.9,3,46,6.5,0,22,0.0,4,4,0,19,30,63.3,146.2,146,0,1,5,0,4,2,0,0,0,3,5,0,0,0,0,0
133,13,CLEAR,123,100,10,18,10,71,3,26,31.4,28.0,0,72,0,72,0,6,2,2,1,0,1,2,51,3.9,2,46,4.3,1,22,4.5,4,4,0,19,30,63.3,146.2,146,0,1,5,0,4,2,0,0,0,3,5,0,0,0,0,0
134,14,CLEAR,123,100,10,18,10,71,3,26,33.0,28.2,0,74,1,73,0,5,8,2,1,0,5,8,51,15.7,2,46,4.3,1,22,4.5,4,4,0,19,30,63.3,146.2,146,0,1,5,0,4,2,0,0,0,3,5,0,0,0,0,0
135,15,CLEAR,123,100,10,18,10,71,3,26,32.9,28.6,2,74,0,74,0,5,11,2,1,0,4,11,51,21.6,2,46,4.3,1,22,4.5,4,4,0,19,30,63.3,146.2,146,0,1,5,0,4,2,0,0,0,3,5,0,0,0,0,0
136,16,CLEAR,123,100,10,18,10,71,3,26,32.0,28.9,0,68,0,75,0,4,12,1,3,0,2,12,51,23.5,1,46,2.2,3,22,13.6,4,4,0,19,30,63.3,146.2,146,0,1,5,0,4,2,0,0,0,3,5,0,0,0,0,0
137,17,CLEAR,123,100,10,18,10,71,3,26,31.5,29.0,0,70,0,76,0,4,8,0,3,0,2,8,51,15.7,0,46,0.0,3,22,13.6,4,4,0,19,30,63.3,146.2,146,0,1,5,0,4,2,0,0,0,3,5,0,0,0,0,0
138,18,CLEAR,123,100,10,18,10,71,3,26,31.6,29.5,0,72,0,77,0,45,9,0,1,0,2,9,51,17.6,0,46,0.0,1,22,4.5,4,4,0,19,30,63.3,146.2,146,0,1,5,0,4,2,0,0,0,3,5,0,0,0,0,0
139,19,CLEAR,123,100,10,18,10,71,3,26,31.3,30.4,0,74,0,78,0,44,12,0,0,0,1,12,51,23.5,0,46,0.0,0,22,0.0,4,4,0,0,30,0.0,144.2,144,0,1,5,0,4,2,0,0,0,3,5,0,0,0,0,0
140,20,CLEAR,123,100,10,18,10,71,3,26,30.8,31.4,0,64,1,79,0,37,12,0,0,0,1,12,51,23.5,0,46,0.0,0,22,0.0,4,4,0,0,30,0.0,144.2,144,0,1,5,0,4,2,0,0,0,3,5,0,0,0,0,0
141,21,CLEAR,123,100,10,18,10,71,3,26,30.4,32.4,0,66,2,80,0,35,12,2,0,0,0,12,51,23.5,2,46,4.3,0,22,0.0,4,4,0,0,30,0.0,144.2,144,0,1,5,0,4,2,0,0,0,3,5,0,0,0,0,0
142,22,CLEAR,123,100,10,18,10,71,3,26,29.7,32.8,0,68,3,81,0,32,7,3,0,0,1,7,51,13.7,3,46,6.5,0,22,0.0,4,4,0,0,30,0.0,144.2,144,0,1,5,0,4,2,0,0,0,3,5,0,0,0,0,0
143,23,CLEAR,123,100,10,18,10,71,3,26,30.3,33.1,0,70,0,82,0,34,8,3,0,0,0,8,51,15.7,3,46,6.5,0,22,0.0,4,4,0,0,30,0.0,144.2,144,0,1,5,0,4,2,0,0,0,3,5,0,0,0,0,0
144,0,CLEAR,128,105,10,23,10,74,3,28,29.9,32.5,0,72,0,83,0,32,9,2,1,0,1,9,51,17.6,2,46,4.3,1,22,4.5,4,4,0,0,30,0.0,144.2,144,0,1,5,0,4,2,0,0,0,3,5,5,0,0,0,0
145,1,CLEAR,128,105,10,23,10,74,3,28,29.8,32.7,0,74,1,84,0,36,8,4,1,0,1,8,51,15.7,4,46,8.7,1,22,4.5,4,4,0,0,30,0.0,144.2,144,0,1,5,0,4,2,0,0,0,3,5,0,0,0,0,0
146,2,CLEAR,128,105,10,23,10,74,3,28,30.2,32.7,0,74,0,85,0,34,11,6,1,0,1,11,51,21.6,6,46,13.0,1,22,4.5,4,4,0,0,30,0.0,144.2,144,0,1,5,0,4,2,0,0,0,3,5,0,0,0,0,0
147,3,CLEAR,128,105,10,23,10,74,3,28,29.8,32.3,0,66,0,86,0,33,10,5,1,0,2,10,51,19.6,5,46,10.9,1,22,4.5,4,4,0,0,30,0.0,144.2,144,0,1,5,0,4,2,0,0,0,3,5,0,0,0,0,0
148,4,CLEAR,128,105,10,23,10,74,3,28,29.5,31.9,0,68,0,87,0,36,13,5,1,0,4,13,51,25.5,5,46,10.9,1,22,4.5,4,4,0,0,30,0.0,144.2,144,0,1,5,0,4,2,0,0,0,3,5,0,0,0,0,0
149,5,CLEAR,128,105,10,23,10,74,3,28,28.9,31.6,0,68,0,88,0,34,11,7,2,0,1,11,51,21.6,7,46,15.2,2,22,9.1,4,4,0,0,30,0.0,144.2,144,0,1,5,0,4,2,0,0,0,3,5,0,0,0,0,0
150,6,CLEAR,128,105,10,23,10,74,3,28,28.3,30.9,0,70,0,89,0,8,13,7,2,0,8,13,51,25.5,7,46,15.2,2,22,9.1,4,4,0,0,30,0.0,144.2,144,0,1,5,0,4,2,0,0,0,3,5,0,0,0,0,0
151,7,CLEAR,128,105,10,23,10,74,3,28,27.6,29.9,0,72,0,90,0,9,10,5,2,0,0,10,51,19.6,5,46,10.9,2,22,9.1,4,4,0,0,30,0.0,144.2,144,0,1,5,0,4,2,0,0,0,3,5,0,0,0,0,0
152,8,CLEAR,128,105,10,23,10,74,3,28,27.4,29.9,0,74,0,91,0,8,12,3,1,0,1,12,51,23.5,3,46,6.5,1,22,4.5,4,4,0,0,30,0.0,143.2,143,0,1,5,0,4,2,0,0,0,3,5,0,0,0,0,0
153,9,CLEAR,128,105,10,23,10,74,3,28,27.0,30.3,0,74,0,92,0,9,13,3,1,0,1,13,51,25.5,3,46,6.5,1,22,4.5,4,4,0,0,30,0.0,143.2,143,0,1,5,0,4,2,0,0,0,3,5,0,0,0,0,0
154,10,CLEAR,128,105,10,23,10,74,3,28,26.2,30.5,0,76,0,76,0,9,16,1,1,0,2,16,51,31.4,1,46,2.2,1,22,4.5,4,4,0,0,30,0.0,143.2,143,0,1,5,0,4,2,0,0,0,3,5,0,0,0,0,0
155,11,CLEAR,128,105,10,23,10,74,3,28,24.6,31.0,0,78,1,77,0,9,11,1,1,0,1,11,51,21.6,1,46,2.2,1,22,4.5,4,4,0,0,30,0.0,143.2,143,0,1,5,0,4,2,0,0,0,3,5,0,0,0,0,0
156,12,CLEAR,129,105,10,23,10,74,3,28,24.4,31.6,0,80,0,78,0,8,9,4,0,0,5,9,51,17.6,4,46,8.7,0,22,0.0,4,4,0,0,30,0.0,143.2,143,0,2,6,0,4,2,0,0,0,3,5,0,0,0,0,0
157,13,CLEAR,129,105,10,23,10,74,3,28,25.0,31.7,0,82,0,79,0,8,4,5,1,0,4,4,51,7.8,5,46,10.9,1,22,4.5,4,4,0,0,30,0.0,143.2,143,0,2,6,0,4,2,0,0,0,3,5,0,0,0,0,0
158,14,CLEAR,129,105,10,23,10,74,3,28,26.0,31.3,2,84,0,80,0,7,6,6,1,0,4,6,51,11.8,6,46,13.0,1,22,4.5,4,4,0,0,30,0.0,143.2,143,0,2,6,0,4,2,0,0,0,3,5,0,0,0,0,0
159,15,CLEAR,129,105,10,23,10,74,3,28,26.8,30.8,0,86,0,81,0,7,5,7,1,0,3,5,51,9.8,7,46,15.2,1,22,4.5,4,4,0,0,30,0.0,143.2,143,0,2,6,0,4,2,0,0,0,3,5,0,0,0,0,0
160,16,CLEAR,129,105,10,23,10,74,3,28,27.9,30.0,0,88,0,82,0,7,5,5,1,0,0,5,51,9.8,5,46,10.9,1,22,4.5,4,4,0,0,30,0.0,143.2,143,0,2,6,0,4,2,0,0,0,3,5,0,0,0,0,0
161,17,CLEAR,129,105,10,23,10,74,3,28,28.8,29.8,0,90,0,83,0,8,5,3,1,1,3,5,51,9.8,3,46,6.5,1,22,4.5,4,4,0,0,30,0.0,143.2,143,0,2,6,0,4,2,0,0,0,3,5,0,0,0,0,0
162,18,CLEAR,129,105,10,23,10,74,3,28,29.6,30.0,0,92,0,84,0,49,4,4,2,1,1,4,51,7.8,4,46,8.7,2,22,9.1,4,4,0,0,30,0.0,143.2,143,0,2,6,0,4,2,0,0,0,3,5,0,0,0,0,0
163,19,CLEAR,129,105,10,23,10,74,3,28,31.0,29.8,0,94,0,85,0,49,4,3,1,1,0,4,51,7.8,3,46,6.5,1,22,4.5,4,4,0,0,30,0.0,143.2,143,0,2,6,0,4,2,0,0,0,3,5,0,0,0,0,0
164,20,CLEAR,129,105,10,23,10,74,3,28,32.1,30.1,0,96,0,86,0,46,5,5,1,1,2,5,51,9.8,5,46,10.9,1,22,4.5,4,4,0,0,30,0.0,143.2,143,0,2,6,0,4,2,0,0,0,3,5,0,0,0,0,0
165,21,CLEAR,129,105,10,23,10,74,3,28,32.8,29.9,2,98,0,87,0,43,8,4,0,1,1,8,51,15.7,4,46,8.7,0,22,0.0,4,4,0,0,30,0.0,143.2,143,0,2,6,0,4,2,0,0,0,3,5,0,0,0,0,0
166,22,CLEAR,129,103,12,23,12,72,3,28,32.6,29.3,0,72,0,66,0,41,8,5,0,0,2,8,51,15.7,5,46,10.9,0,22,0.0,4,4,0,19,30,63.3,155.8,143,0,2,6,0,4,2,0,0,1,3,6,0,2,0,0,0
167,23,CLEAR,129,103,12,23,12,72,3,28,32.7,29.5,0,68,0,67,0,40,10,3,1,0,1,10,51,19.6,3,46,6.5,1,22,4.5,4,4,0,19,30,63.3,155.8,143,0,2,6,0,4,2,0,0,1,3,6,0,0,0,0,0
168,0,CLEAR,134,108,12,28,12,75,3,30,32.2,28.7,0,62,1,68,0,41,9,4,3,0,2,9,51,17.6,4,46,8.7,3,22,13.6,4,4,0,19,30,63.3,155.8,143,0,2,6,0,4,2,0,0,1,3,6,5,0,0,0,0
169,1,CLEAR,134,108,12,28,12,75,3,30,32.6,28.3,0,64,0,69,0,41,11,1,3,0,2,11,51,21.6,1,46,2.2,3,22,13.6,4,4,0,19,30,63.3,155.8,143,0,2,6,0,4,2,0,0,1,3,6,0,0,0,0,0
170,2,CLEAR,134,108,12,28,12,75,3,30,32.1,28.4,0,66,0,70,0,42,15,2,3,0,4,15,51,29.4,2,46,4.3,3,22,13.6,4,4,0,19,30,63.3,155.8,143,0,2,6,0,4,2,0,0,1,3,6,0,0,0,0,0
171,3,CLEAR,134,108,12,28,12,75,3,30,30.7,28.6,0,66,0,71,0,40,17,1,2,0,3,17,51,33.3,1,46,2.2,2,22,9.1,4,4,0,19,30,63.3,155.8,143,0,2,6,0,4,2,0,0,1,3,6,0,0,0,0,0
172,4,CLEAR,134,108,12,28,12,75,3,30,29.4,28.8,0,68,1,66,0,38,14,2,2,0,2,14,51,27.5,2,46,4.3,2,22,9.1,4,4,0,19,30,63.3,155.8,143,0,2,6,0,4,2,0,0,1,3,6,0,0,0,0,0
173,5,CLEAR,134,108,12,28,12,75,3,30,29.0,29.1,0,70,0,67,0,36,11,2,3,0,4,11,51,21.6,2,46,4.3,3,22,13.6,4,4,0,19,30,63.3,155.8,143,0,2,6,0,4,2,0,0,1,3,6,0,0,0,0,0
174,6,CLEAR,134,108,12,28,12,75,3,30,28.8,28.9,0,72,0,64,0,9,11,2,2,0,9,11,51,21.6,2,46,4.3,2,22,9.1,4,4,0,19,30,63.3,155.8,143,0,2,6,0,4,2,0,0,1,3,6,0,0,0,0,0
175,7,CLEAR,134,108,12,28,12,75,3,30,28.5,29.1,0,74,0,65,0,10,11,2,2,0,10,11,51,21.6,2,46,4.3,2,22,9.1,4,4,0,19,30,63.3,155.8,143,0,2,6,0,4,2,0,0,1,3,6,0,0,0,0,0
176,8,CLEAR,134,108,12,28,12,75,3,30,28.4,29.4,0,62,0,66,0,10,10,1,0,0,8,10,51,19.6,1,46,2.2,0,22,0.0,4,4,0,19,30,63.3,155.8,143,0,2,6,0,4,2,0,0,1,3,6,0,0,0,0,0
177,9,CLEAR,134,108,12,28,12,75,3,30,28.0,30.2,0,64,1,67,0,12,11,3,1,0,4,11,51,21.6,3,46,6.5,1,22,4.5,4,4,0,19,30,63.3,155.8,143,0,2,6,0,4,2,0,0,1,3,6,0,0,0,0,0
178,10,CLEAR,134,108,12,28,12,75,3,30,27.7,30.4,0,66,0,64,0,11,10,3,1,0,7,10,51,19.6,3,46,6.5,1,22,4.5,4,4,0,19,30,63.3,155.8,143,0,2,6,0,4,2,0,0,1,3,6,0,0,0,0,0
179,11,CLEAR,134,108,12,28,12,75,3,30,27.8,30.5,0,68,1,65,0,10,10,5,1,0,6,10,51,19.6,5,46,10.9,1,22,4.5,4,4,0,19,30,63.3,155.8,143,0,1,6,0,5,2,0,0,1,3,6,0,0,0,1,0
180,12,CLEAR,134,108,12,28,12,75,3,30,27.8,30.4,0,70,0,66,0,9,9,4,0,0,3,9,51,17.6,4,46,8.7,0,22,0.0,4,4,1,26,30,86.7,159.0,158,0,1,6,0,5,2,0,0,1,3,6,0,0,0,0,0
181,13,CLEAR,134,108,12,28,12,75,3,30,27.9,30.7,0,72,0,67,0,8,7,5,1,0,7,7,51,13.7,5,46,10.9,1,22,4.5,4,4,1,26,30,86.7,159.0,158,0,1,6,0,5,2,0,0,1,3,6,0,0,0,0,0
182,14,CLEAR,134,108,12,28,12,75,3,30,28.4,30.5,0,74,0,68,0,8,10,3,1,0,1,10,51,19.6,3,46,6.5,1,22,4.5,4,4,1,26,30,86.7,159.0,158,0,1,6,0,5,2,0,0,1,3,6,0,0,0,0,0
183,15,CLEAR,134,108,12,28,12,75,3,30,28.3,30.6,0,70,0,69,0,7,10,3,1,0,2,10,51,19.6,3,46,6.5,1,22,4.5,4,4,1,26,30,86.7,159.0,158,0,1,6,0,5,2,0,0,1,3,6,0,0,0,0,0
184,16,CLEAR,134,108,12,28,12,75,3,30,28.2,30.8,0,72,0,70,0,6,12,3,0,0,3,12,51,23.5,3,46,6.5,0,22,0.0,4,4,1,26,30,86.7,159.0,158,0,1,6,0,5,2,0,0,1,3,6,0,0,0,0,0
185,17,CLEAR,134,108,12,28,12,75,3,30,27.6,31.3,0,74,0,71,0,8,13,4,2,0,6,13,51,25.5,4,46,8.7,2,22,9.1,4,4,1,26,30,86.7,159.0,158,0,1,6,0,5,2,0,0,1,3,6,0,0,0,0,0
186,18,CLEAR,134,108,12,28,12,75,3,30,26.7,31.0,0,66,0,67,0,43,12,3,2,0,3,12,51,23.5,3,46,6.5,2,22,9.1,4,4,1,26,30,86.7,159.0,158,0,1,6,0,5,2,0,0,1,3,6,0,0,0,0,0
187,19,CLEAR,134,108,12,28,12,75,3,30,26.6,31.0,0,68,0,68,0,42,7,3,2,0,1,7,51,13.7,3,46,6.5,2,22,9.1,4,4,1,26,30,86.7,159.0,158,0,1,6,0,5,2,0,0,1,3,6,0,0,0,0,0
188,20,CLEAR,134,108,12,28,12,75,3,30,27.1,31.2,0,70,0,69,0,46,6,2,0,0,1,6,51,11.8,2,46,4.3,0,22,0.0,4,4,1,26,30,86.7,159.0,158,0,1,6,0,5,2,0,0,1,3,6,0,0,0,0,0
189,21,CLEAR,134,108,12,28,12,75,3,30,27.8,31.7,0,72,1,70,0,50,7,5,0,1,1,7,51,13.7,5,46,10.9,0,22,0.0,4,4,1,26,30,86.7,159.0,158,0,1,6,0,5,2,0,0,1,3,6,0,0,0,0,0
190,22,CLEAR,134,108,12,28,12,75,3,30,28.4,31.7,0,74,0,71,0,48,7,5,1,1,1,7,51,13.7,5,46,10.9,1,22,4.5,4,4,1,26,30,86.7,159.0,158,0,1,6,0,5,2,0,0,1,3,6,0,0,0,0,0
191,23,CLEAR,134,108,12,28,12,75,3,30,29.0,31.5,0,70,0,72,0,49,5,8,1,1,2,5,51,9.8,8,46,17.4,1,22,4.5,4,4,1,26,30,86.7,159.0,158,0,0,6,1,5,2,0,0,1,3,6,0,0,1,0,0
192,0,CLEAR,139,113,12,33,12,79,3,31,29.3,30.1,0,72,0,73,0,49,7,6,1,1,1,7,51,13.7,6,46,13.0,1,22,4.5,4,4,1,26,30,86.7,159.0,158,0,0,6,1,5,2,0,0,1,3,6,5,0,0,0,0
193,1,CLEAR,139,113,12,33,12,79,3,31,29.7,29.7,0,72,0,74,0,50,6,5,3,1,0,6,51,11.8,5,46,10.9,3,22,13.6,4,4,1,21,30,70.0,157.2,156,0,0,6,1,5,2,0,0,1,3,6,0,0,0,0,0
194,2,CLEAR,139,113,12,33,12,79,3,31,30.5,29.2,0,74,0,75,0,51,8,4,4,1,2,8,51,15.7,4,46,8.7,4,22,18.2,4,4,1,21,30,70.0,157.2,156,0,0,6,1,5,2,0,0,1,3,6,0,0,0,0,0
195,3,CLEAR,139,113,12,33,12,79,3,31,30.8,28.5,0,72,0,76,0,50,5,3,5,1,0,5,51,9.8,3,46,6.5,5,22,22.7,4,4,1,21,30,70.0,157.2,156,0,0,6,1,5,2,0,0,1,3,6,0,0,0,0,0
196,4,CLEAR,139,112,13,33,13,78,3,31,31.4,27.3,2,74,0,77,0,49,8,3,3,1,0,8,51,15.7,3,46,6.5,3,22,13.6,4,4,1,21,30,70.0,157.2,156,0,0,6,1,5,2,0,0,1,3,7,0,1,0,0,0
197,5,CLEAR,139,112,13,33,13,78,3,31,31.7,27.2,0,68,0,78,0,49,6,2,2,1,0,6,51,11.8,2,46,4.3,2,22,9.1,4,4,1,21,30,70.0,157.2,156,0,0,6,1,5,2,0,0,1,3,7,0,0,0,0,0
198,6,CLEAR,139,112,13,33,13,78,3,31,32.5,27.4,0,70,0,79,0,7,6,3,0,1,12,6,51,11.8,3,46,6.5,0,22,0.0,4,4,1,21,30,70.0,157.2,156,0,0,6,1,5,2,0,0,1,3,7,0,0,0,0,0
199,7,CLEAR,139,112,13,33,13,78,3,31,33.0,27.9,0,72,0,80,0,10,6,2,0,1,2,6,51,11.8,2,46,4.3,0,22,0.0,4,4,1,21,30,70.0,157.2,156,0,0,6,1,5,2,0,0,1,3,7,0,0,0,0,0
200,8,CLEAR,139,112,13,33,13,78,3,31,33.7,28.5,0,74,0,81,0,10,9,3,0,1,0,9,51,17.6,3,46,6.5,0,22,0.0,4,4,1,21,30,70.0,157.2,156,0,0,6,1,5,2,0,0,1,3,7,0,0,0,0,0
201,9,CLEAR,139,112,13,33,13,78,3,31,34.0,28.8,0,76,1,82,0,10,8,5,0,1,1,8,51,15.7,5,46,10.9,0,22,0.0,4,4,1,21,30,70.0,157.2,156,0,0,6,1,5,2,0,0,1,3,7,0,0,0,0,0
202,10,CLEAR,139,112,13,33,13,78,3,31,34.4,28.8,0,78,0,83,0,10,9,3,0,1,0,9,51,17.6,3,46,6.5,0,22,0.0,4,4,1,21,30,70.0,157.2,156,0,0,6,1,5,2,0,0,1,3,7,0,0,0,0,0
203,11,CLEAR,139,112,13,33,13,78,3,31,34.8,29.2,0,80,0,84,0,8,8,3,1,1,0,8,51,15.7,3,46,6.5,1,22,4.5,4,4,1,21,30,70.0,157.2,156,0,0,6,1,5,2,0,0,1,3,7,0,0,0,0,0
204,12,CLEAR,140,112,13,33,13,78,3,31,35.1,29.4,0,82,0,85,0,8,13,3,1,1,0,13,51,25.5,3,46,6.5,1,22,4.5,4,4,1,21,30,70.0,157.2,156,0,1,7,1,5,2,0,0,1,3,7,0,0,0,0,0
205,13,CLEAR,140,112,13,33,13,78,3,31,34.4,29.7,0,76,0,86,0,7,18,3,2,1,0,18,51,35.3,3,46,6.5,2,22,9.1,4,4,1,21,30,70.0,157.2,156,0,1,7,1,5,2,0,0,1,3,7,0,0,0,0,0
206,14,CLEAR,140,112,13,33,13,78,3,31,32.4,29.7,0,72,0,87,0,7,18,2,2,1,3,18,51,35.3,2,46,4.3,2,22,9.1,4,4,1,21,30,70.0,157.2,156,0,1,7,1,5,2,0,0,1,3,7,0,0,0,0,0
207,15,CLEAR,140,111,14,33,14,78,3,30,30.8,29.3,0,74,0,76,0,6,15,2,1,0,1,15,51,29.4,2,46,4.3,1,22,4.5,4,4,0,20,30,66.7,155.2,154,0,1,7,1,5,2,0,0,1,3,8,0,1,0,0,0
208,16,CLEAR,140,111,14,33,14,78,3,30,30.2,30.0,0,74,0,77,0,5,15,2,0,0,2,15,51,29.4,2,46,4.3,0,22,0.0,4,4,0,20,30,66.7,155.2,154,0,1,7,1,5,2,0,0,1,3,8,0,0,0,0,0
209,17,CLEAR,140,111,14,33,14,78,3,30,29.3,30.5,0,70,1,78,0,6,12,3,3,0,2,12,51,23.5,3,46,6.5,3,22,13.6,4,4,0,20,30,66.7,155.2,154,0,1,7,1,5,2,0,0,1,3,8,0,0,0,0,0
210,18,CLEAR,140,111,14,33,14,78,3,30,28.5,30.3,0,72,0,71,0,37,11,3,4,0,1,11,51,21.6,3,46,6.5,4,22,18.2,4,4,0,20,30,66.7,155.2,154,0,1,7,1,5,2,0,0,1,3,8,0,0,0,0,0
211,19,CLEAR,140,111,14,33,14,78,3,30,29.0,29.8,0,74,0,72,0,35,9,3,5,0,2,9,51,17.6,3,46,6.5,5,22,22.7,4,4,0,20,30,66.7,155.2,154,0,1,7,1,5,2,0,0,1,3,8,0,0,0,0,0
212,20,CLEAR,140,111,14,33,14,78,3,30,29.0,29.3,0,76,0,73,0,36,13,1,3,0,0,13,51,25.5,1,46,2.2,3,22,13.6,4,4,0,20,30,66.7,155.2,154,0,1,7,1,5,2,0,0,1,3,8,0,0,0,0,0
213,21,CLEAR,140,111,14,33,14,78,3,30,28.0,29.7,0,78,0,74,0,39,17,3,1,0,1,17,51,33.3,3,46,6.5,1,22,4.5,4,4,0,20,30,66.7,155.2,154,0,1,7,1,5,2,0,0,1,3,8,0,0,0,0,0
214,22,CLEAR,140,111,14,33,14,78,3,30,26.9,30.1,0,80,0,75,0,39,15,7,1,0,1,15,51,29.4,7,46,15.2,1,22,4.5,4,4,0,20,30,66.7,155.2,154,0,1,7,1,5,2,0,0,1,3,8,0,0,0,0,0
215,23,CLEAR,140,111,14,33,14,78,3,30,25.8,29.2,0,72,1,63,0,45,14,7,1,0,1,14,51,27.5,7,46,15.2,1,22,4.5,4,4,0,20,30,66.7,155.2,154,0,1,7,1,5,2,0,0,1,3,8,0,0,0,0,0
216,0,CLEAR,145,116,14,38,14,81,3,32,24.7,28.2,0,74,0,64,0,45,15,5,1,0,0,15,51,29.4,5,46,10.9,1,22,4.5,4,4,0,20,30,66.7,155.2,154,0,1,7,1,5,2,0,0,1,3,8,5,0,0,0,0
217,1,CLEAR,145,116,14,38,14,81,3,32,23.8,28.2,0,72,0,64,0,51,11,5,0,0,2,11,51,21.6,5,46,10.9,0,22,0.0,4,4,0,20,30,66.7,155.2,154,0,1,7,1,5,2,0,0,1,3,8,0,0,0,0,0
218,2,CLEAR,145,116,14,38,14,81,3,32,23.9,28.1,0,74,0,62,0,53,9,4,0,0,0,9,51,17.6,4,46,8.7,0,22,0.0,4,4,0,20,30,66.7,155.2,154,0,1,7,1,5,2,0,0,1,3,8,0,0,0,0,0
219,3,CLEAR,145,116,14,38,14,81,3,32,24.3,28.3,0,64,0,63,0,54,6,3,0,0,0,6,51,11.8,3,46,6.5,0,22,0.0,4,4,0,20,30,66.7,155.2,154,0,1,7,1,5,2,0,0,1,3,8,0,0,0,0,0
220,4,CLEAR,145,116,14,38,14,81,3,32,24.9,29.0,2,66,0,64,0,55,8,2,0,0,0,8,51,15.7,2,46,4.3,0,22,0.0,4,4,0,15,30,50.0,153.8,152,0,1,7,1,5,2,0,0,1,3,8,0,0,0,0,0
221,5,CLEAR,145,116,14,38,14,81,3,32,25.4,29.6,0,66,1,65,0,54,6,3,0,0,1,6,51,11.8,3,46,6.5,0,22,0.0,4,4,0,15,30,50.0,153.2,152,0,0,7,1,6,2,0,0,1,3,8,0,0,0,1,0
222,6,CLEAR,145,116,14,38,14,81,3,32,26.2,29.9,0,62,2,66,0,11,4,5,1,0,17,4,51,7.8,5,46,10.9,1,22,4.5,4,4,0,15,30,50.0,153.2,152,0,0,7,1,6,2,0,0,1,3,8,0,0,0,0,0
223,7,CLEAR,145,116,14,38,14,81,3,32,27.4,29.8,0,64,0,67,0,11,5,5,1,0,14,5,51,9.8,5,46,10.9,1,22,4.5,4,4,0,15,30,50.0,153.2,152,0,0,7,1,6,2,0,0,1,3,8,0,0,0,0,0
224,8,CLEAR,145,116,14,38,14,81,3,32,28.5,29.6,0,66,0,68,0,10,5,4,1,0,6,5,51,9.8,4,46,8.7,1,22,4.5,4,4,0,15,30,50.0,153.2,152,0,0,7,1,6,2,0,0,1,3,8,0,0,0,0,0
225,9,CLEAR,145,116,14,38,14,81,3,32,29.5,29.8,0,68,0,69,0,9,7,4,1,0,7,7,51,13.7,4,46,8.7,1,22,4.5,4,4,0,15,30,50.0,153.2,152,0,0,7,1,6,2,0,0,1,3,8,0,0,0,0,0
226,10,CLEAR,145,116,14,38,14,81,3,32,29.9,29.8,0,70,0,64,0,10,9,7,1,0,4,9,51,17.6,7,46,15.2,1,22,4.5,4,4,0,15,30,50.0,153.2,152,0,0,7,1,6,2,0,0,1,3,8,0,0,0,0,0
227,11,CLEAR,145,116,14,38,14,81,3,32,30.2,29.2,0,72,0,64,0,9,8,8,1,0,3,8,51,15.7,8,46,17.4,1,22,4.5,4,4,0,15,30,50.0,153.2,152,0,0,7,1,6,2,0,0,1,3,8,0,0,0,0,0
228,12,CLEAR,145,116,14,38,14,81,3,32,30.7,28.2,0,66,0,65,0,9,6,11,0,0,4,6,51,11.8,11,46,23.9,0,22,0.0,4,4,0,15,30,50.0,153.2,152,0,0,7,1,6,2,0,0,1,3,8,0,0,0,0,0
229,13,CLEAR,145,116,14,38,14,81,3,32,31.5,27.3,0,68,0,66,0,9,6,7,0,0,5,6,51,11.8,7,46,15.2,0,22,0.0,4,4,0,15,30,50.0,153.2,152,0,0,7,1,6,2,0,0,1,3,8,0,0,0,0,0
230,14,CLEAR,145,116,14,38,14,81,3,32,32.3,27.1,0,70,0,67,0,9,6,4,2,0,3,6,51,11.8,4,46,8.7,2,22,9.1,4,4,0,15,30,50.0,153.2,152,0,0,7,1,6,2,0,0,1,3,8,0,0,0,0,0
231,15,CLEAR,145,116,14,38,14,81,3,32,33.3,27.0,0,72,0,66,0,9,8,3,2,0,0,8,51,15.7,3,46,6.5,2,22,9.1,4,4,0,15,30,50.0,153.2,152,0,0,7,1,6,2,0,0,1,3,8,0,0,0,0,0
232,16,CLEAR,145,116,14,38,14,81,3,32,33.7,27.0,0,74,0,67,0,8,11,1,3,0,3,11,51,21.6,1,46,2.2,3,22,13.6,4,4,0,15,30,50.0,153.2,152,0,0,7,1,6,2,0,0,1,3,8,0,0,0,0,0
233,17,CLEAR,145,116,14,38,14,81,3,32,33.5,27.3,0,72,0,68,0,8,11,2,1,0,3,11,51,21.6,2,46,4.3,1,22,4.5,4,4,0,15,30,50.0,153.2,152,0,0,7,1,6,2,0,0,1,3,8,0,0,0,0,0
234,18,CLEAR,145,116,14,38,14,81,3,32,33.3,27.7,0,74,0,69,0,45,14,2,2,0,2,14,51,27.5,2,46,4.3,2,22,9.1,4,4,0,17,30,56.7,151.2,150,0,0,7,1,6,2,0,0,1,3,8,0,0,0,0,0
235,19,CLEAR,145,116,14,38,14,81,3,32,32.4,28.0,0,70,0,70,0,40,17,1,1,0,2,17,51,33.3,1,46,2.2,1,22,4.5,4,4,0,17,30,56.7,151.2,150,0,0,7,1,6,2,0,0,1,3,8,0,0,0,0,0
236,20,CLEAR,145,116,14,38,14,81,3,32,31.0,28.6,0,72,0,71,0,40,19,1,2,1,1,19,51,37.3,1,46,2.2,2,22,9.1,4,4,0,17,30,56.7,151.2,150,0,0,7,1,6,2,0,0,1,3,8,0,0,0,0,0
237,21,CLEAR,145,116,14,38,14,81,3,32,29.4,29.1,0,74,0,72,0,38,15,2,1,1,6,15,51,29.4,2,46,4.3,1,22,4.5,4,4,0,17,30,56.7,151.2,150,0,0,7,1,6,2,0,0,1,3,8,0,0,0,0,0
238,22,CLEAR,145,116,14,38,14,81,3,32,28.9,29.4,0,76,0,73,0,40,11,4,2,1,8,11,51,21.6,4,46,8.7,2,22,9.1,4,4,0,17,30,56.7,151.2,150,0,0,7,1,6,2,0,0,1,3,8,0,0,0,0,0
239,23,CLEAR,145,116,14,38,14,81,3,32,29.1,29.2,0,64,0,73,0,44,9,4,3,1,4,9,51,17.6,4,46,8.7,3,22,13.6,4,4,0,17,30,56.7,151.2,150,0,0,7,1,6,2,0,0,1,3,8,0,0,0,0,0
240,0,CLEAR,150,120,15,43,15,83,3,34,29.0,27.6,0,66,0,66,0,42,10,3,3,0,7,10,51,19.6,3,46,6.5,3,22,13.6,4,4,0,17,30,56.7,151.2,150,0,0,7,1,6,2,0,0,1,3,9,5,1,0,0,0
241,1,CLEAR,150,120,15,43,15,83,3,34,28.9,27.6,0,66,0,67,0,45,13,1,3,0,5,13,51,25.5,1,46,2.2,3,22,13.6,4,4,0,17,30,56.7,151.2,150,0,0,7,1,6,2,0,0,1,3,9,0,0,0,0,0
242,2,CLEAR,150,120,15,43,15,83,3,34,28.7,28.0,0,66,0,68,0,43,14,2,2,0,3,14,51,27.5,2,46,4.3,2,22,9.1,4,4,0,17,30,56.7,151.2,150,0,0,7,1,6,2,0,0,1,3,9,0,0,0,0,0
243,3,CLEAR,150,120,15,43,15,83,3,34,28.0,28.2,0,68,0,63,0,43,13,2,1,0,4,13,51,25.5,2,46,4.3,1,22,4.5,4,4,0,17,30,56.7,151.2,150,0,0,7,1,6,2,0,0,1,3,9,0,0,0,0,0
244,4,CLEAR,150,120,15,43,15,83,3,34,27.6,28.6,0,70,0,64,0,44,14,1,1,0,3,14,51,27.5,1,46,2.2,1,22,4.5,4,4,0,17,30,56.7,151.2,150,0,0,7,1,6,2,0,0,1,3,9,0,0,0,0,0
245,5,CLEAR,150,120,15,43,15,83,3,34,27.0,29.3,0,68,0,65,0,45,9,1,0,0,4,9,51,17.6,1,46,2.2,0,22,0.0,4,4,0,17,30,56.7,151.2,150,0,0,7,1,6,2,0,0,1,3,9,0,0,0,0,0
246,6,CLEAR,150,120,15,43,15,83,3,34,27.2,30.1,0,70,1,66,0,10,10,2,1,0,16,10,51,19.6,2,46,4.3,1,22,4.5,4,4,0,17,30,56.7,151.2,150,0,0,7,1,6,2,0,0,1,3,9,0,0,0,0,0
247,7,CLEAR,150,120,15,43,15,83,3,34,27.6,30.5,0,72,2,67,0,10,10,2,1,0,17,10,51,19.6,2,46,4.3,1,22,4.5,4,4,0,17,30,56.7,151.2,150,0,0,7,1,6,2,0,0,1,3,9,0,0,0,0,0
248,8,CLEAR,150,120,15,43,15,83,3,34,27.5,30.9,0,66,0,68,0,11,13,5,0,0,6,13,51,25.5,5,46,10.9,0,22,0.0,4,4,0,17,30,56.7,149.5,148,0,0,7,1,6,2,0,0,1,3,9,0,0,0,0,0
249,9,CLEAR,150,120,15,43,15,83,3,34,27.0,31.0,0,68,0,69,0,9,11,5,0,0,11,11,51,21.6,5,46,10.9,0,22,0.0,4,4,0,17,30,56.7,149.5,148,0,0,7,1,6,2,0,0,1,3,9,0,0,0,0,0
250,10,CLEAR,150,120,15,43,15,83,3,34,26.9,31.0,0,68,0,70,0,9,11,5,1,0,4,11,51,21.6,5,46,10.9,1,22,4.5,4,4,0,17,30,56.7,149.5,148,0,0,7,1,6,2,0,0,1,3,9,0,0,0,0,0
251,11,CLEAR,150,120,15,43,15,83,3,34,27.0,31.0,0,70,0,71,0,9,11,4,1,0,7,11,51,21.6,4,46,8.7,1,22,4.5,4,4,0,17,30,56.7,149.5,148,0,0,7,1,6,2,0,0,1,3,9,0,0,0,0,0
252,12,CLEAR,151,120,15,43,15,83,3,34,26.8,31.0,0,72,0,72,0,7,11,5,1,0,5,11,51,21.6,5,46,10.9,1,22,4.5,4,4,0,17,30,56.7,149.5,148,0,1,8,1,6,2,0,0,1,3,9,0,0,0,0,0
253,13,CLEAR,151,120,15,43,15,83,3,34,26.9,31.1,0,74,0,73,0,6,6,4,2,0,4,6,51,11.8,4,46,8.7,2,22,9.1,4,4,0,17,30,56.7,149.5,148,0,1,8,1,6,2,0,0,1,3,9,0,0,0,0,0
254,14,CLEAR,151,120,15,43,15,83,3,34,27.6,31.0,0,72,0,74,0,7,8,3,2,0,8,8,51,15.7,3,46,6.5,2,22,9.1,4,4,0,17,30,56.7,149.5,148,0,1,8,1,6,2,0,0,1,3,9,0,0,0,0,0
255,15,CLEAR,151,120,15,43,15,83,3,34,27.9,31.1,0,74,0,75,0,8,9,2,2,0,3,9,51,17.6,2,46,4.3,2,22,9.1,4,4,0,17,30,56.7,149.5,148,0,1,8,1,6,2,0,0,1,3,9,0,0,0,0,0
256,16,CLEAR,151,120,15,43,15,83,3,34,28.1,31.4,0,68,0,76,0,8,8,4,2,0,1,8,51,15.7,4,46,8.7,2,22,9.1,4,4,0,17,30,56.7,149.5,148,0,1,8,1,6,2,0,0,1,3,9,0,0,0,0,0
257,17,CLEAR,151,120,15,43,15,83,3,34,28.6,31.3,0,70,0,77,0,8,5,4,2,0,2,5,51,9.8,4,46,8.7,2,22,9.1,4,4,0,17,30,56.7,149.5,148,0,1,8,1,6,2,0,0,1,3,9,0,0,0,0,0
258,18,CLEAR,151,120,15,43,15,83,3,34,29.7,31.1,0,72,0,78,0,51,4,4,4,0,1,4,51,7.8,4,46,8.7,4,22,18.2,4,4,0,17,30,56.7,149.5,148,0,1,8,1,6,2,0,0,1,3,9,0,0,0,0,0
259,19,CLEAR,151,120,15,43,15,83,3,34,31.0,30.8,0,74,0,75,0,50,5,1,3,0,3,5,51,9.8,1,46,2.2,3,22,13.6,4,4,0,17,30,56.7,149.5,148,0,1,8,1,6,2,0,0,1,3,9,0,0,0,0,0
260,20,CLEAR,151,120,15,43,15,83,3,34,31.9,31.1,2,72,0,76,0,50,10,0,3,0,1,10,51,19.6,0,46,0.0,3,22,13.6,4,4,0,17,30,56.7,149.5,148,0,1,8,1,6,2,0,0,1,3,9,0,0,0,0,0
261,21,CLEAR,151,120,15,43,15,83,3,34,32.1,31.6,0,74,0,77,0,45,13,1,2,0,0,13,51,25.5,1,46,2.2,2,22,9.1,4,4,0,17,30,56.7,148.2,146,0,1,8,1,6,2,0,0,1,3,9,0,0,0,0,0
262,22,CLEAR,151,120,15,43,15,83,3,34,31.3,32.2,0,74,0,78,0,42,13,1,1,0,3,13,51,25.5,1,46,2.2,1,22,4.5,4,4,0,17,30,56.7,148.0,146,0,1,8,1,6,2,0,0,1,3,9,0,0,0,0,0
263,23,CLEAR,151,120,15,43,15,83,3,34,31.2,32.7,0,76,1,79,0,41,11,3,1,0,1,11,51,21.6,3,46,6.5,1,22,4.5,4,4,0,17,30,56.7,148.0,146,0,1,8,1,6,2,0,0,1,3,9,0,0,0,0,0
264,0,CLEAR,156,125,15,48,15,85,3,37,30.3,32.3,0,72,0,80,0,41,13,3,0,0,1,13,51,25.5,3,46,6.5,0,22,0.0,4,4,0,17,30,56.7,148.0,146,0,1,8,1,6,2,0,0,1,3,9,5,0,0,0,0
265,1,CLEAR,156,125,15,48,15,85,3,37,29.6,32.6,0,74,1,81,0,46,18,4,3,0,0,18,51,35.3,4,46,8.7,3,22,13.6,4,4,0,17,30,56.7,148.0,146,0,1,8,1,6,2,0,0,1,3,9,0,0,0,0,0
266,2,CLEAR,156,125,15,48,15,85,3,37,28.4,32.6,0,62,0,82,0,43,14,2,3,1,0,14,51,27.5,2,46,4.3,3,22,13.6,4,4,0,17,30,56.7,148.0,146,0,1,8,1,6,2,0,0,1,3,9,0,0,0,0,0
267,3,CLEAR,156,125,15,48,15,85,3,37,28.0,32.5,0,64,0,83,0,46,13,3,3,1,2,13,51,25.5,3,46,6.5,3,22,13.6,4,4,0,17,30,56.7,148.0,146,0,1,8,1,6,2,0,0,1,3,9,0,0,0,0,0
268,4,CLEAR,156,125,15,48,15,85,3,37,28.3,32.4,0,66,0,84,0,42,7,4,1,1,4,7,51,13.7,4,46,8.7,1,22,4.5,4,4,0,17,30,56.7,148.0,146,0,1,8,1,6,2,0,0,1,3,9,0,0,0,0,0
269,5,CLEAR,156,124,16,48,16,84,3,37,28.9,31.8,0,66,0,85,0,43,9,7,2,0,4,9,51,17.6,7,46,15.2,2,22,9.1,4,4,0,17,30,56.7,148.0,146,0,1,8,1,6,2,0,0,1,3,10,0,1,0,0,0
270,6,CLEAR,156,124,16,48,16,84,3,37,29.4,31.2,0,68,0,76,0,9,9,3,3,0,6,9,51,17.6,3,46,6.5,3,22,13.6,4,4,0,17,30,56.7,148.0,146,0,1,8,1,6,2,0,0,1,3,10,0,0,0,0,0
271,7,CLEAR,156,124,16,48,16,84,3,37,29.8,31.0,0,70,0,77,0,9,9,5,2,0,5,9,51,17.6,5,46,10.9,2,22,9.1,4,4,0,17,30,56.7,148.0,146,0,1,8,1,6,2,0,0,1,3,10,0,0,0,0,0
272,8,CLEAR,156,124,16,48,16,84,3,37,30.0,31.0,0,72,0,78,0,10,13,8,1,0,12,13,51,25.5,8,46,17.4,1,22,4.5,4,4,0,17,30,56.7,148.0,146,0,1,8,1,6,2,0,0,1,3,10,0,0,0,0,0
273,9,CLEAR,156,124,16,48,16,84,3,37,29.6,30.5,0,68,0,77,0,11,13,7,1,0,10,13,51,25.5,7,46,15.2,1,22,4.5,4,4,0,17,30,56.7,148.0,146,0,1,8,1,6,2,0,0,1,3,10,0,0,0,0,0
274,10,CLEAR,156,124,16,48,16,84,3,37,29.2,30.0,0,70,0,78,0,12,13,9,1,0,11,13,51,25.5,9,46,19.6,1,22,4.5,4,4,0,17,30,56.7,148.0,146,0,1,8,1,6,2,0,0,1,3,10,0,0,0,0,0
275,11,CLEAR,156,124,16,48,16,84,3,37,28.8,29.4,0,72,0,79,0,9,12,10,1,0,8,12,51,23.5,10,46,21.7,1,22,4.5,4,4,0,17,30,56.7,146.2,144,0,1,8,1,6,2,0,0,1,3,10,0,0,0,0,0
276,12,CLEAR,157,124,16,48,16,84,3,37,28.5,28.6,0,74,0,80,0,11,10,6,0,0,6,10,51,19.6,6,46,13.0,0,22,0.0,4,4,0,17,30,56.7,146.2,144,0,2,9,1,6,2,0,0,1,3,10,0,0,0,0,0
277,13,CLEAR,157,123,17,48,17,84,3,36,28.5,27.9,0,76,0,81,0,12,11,3,1,0,8,11,51,21.6,3,46,6.5,1,22,4.5,4,4,0,17,30,56.7,146.2,144,0,2,9,1,6,2,0,0,1,3,11,0,1,0,0,0
278,14,CLEAR,157,123,17,48,17,84,3,36,28.4,28.3,0,72,0,82,0,10,11,1,2,0,4,11,51,21.6,1,46,2.2,2,22,9.1,4,4,0,17,30,56.7,146.2,144,0,2,9,1,6,2,0,0,1,3,11,0,0,0,0,0
279,15,CLEAR,157,123,17,48,17,84,3,36,28.2,28.7,0,74,1,83,0,11,14,3,2,0,4,14,51,27.5,3,46,6.5,2,22,9.1,4,4,0,17,30,56.7,146.2,144,0,2,9,1,6,2,0,0,1,3,11,0,0,0,0,0
280,16,CLEAR,157,123,17,48,17,84,3,36,27.8,28.7,0,72,0,84,0,11,11,3,1,0,5,11,51,21.6,3,46,6.5,1,22,4.5,4,4,0,17,30,56.7,146.2,144,0,2,9,1,6,2,0,0,1,3,11,0,0,0,0,0
281,17,CLEAR,157,123,17,48,17,84,3,36,28.0,29.1,0,74,0,85,0,10,10,1,2,0,3,10,51,19.6,1,46,2.2,2,22,9.1,4,4,0,17,30,56.7,146.2,144,0,2,9,1,6,2,0,0,1,3,11,0,0,0,0,0
282,18,CLEAR,157,123,17,48,17,84,3,36,28.4,29.6,0,70,0,86,0,48,8,1,2,0,2,8,51,15.7,1,46,2.2,2,22,9.1,4,4,0,17,30,56.7,146.2,144,0,2,9,1,6,2,0,0,1,3,11,0,0,0,0,0
283,19,CLEAR,157,123,17,48,17,84,3,36,29.0,29.9,0,72,1,87,0,51,9,3,2,0,0,9,51,17.6,3,46,6.5,2,22,9.1,4,4,0,17,30,56.7,146.2,144,0,1,9,1,7,2,0,0,1,3,11,0,0,0,1,0
284,20,CLEAR,157,123,17,48,17,84,3,36,29.2,30.0,0,66,0,82,0,51,6,6,0,0,1,6,51,11.8,6,46,13.0,0,22,0.0,4,4,0,17,30,56.7,146.2,144,0,1,9,1,7,2,0,0,1,3,11,0,0,0,0,0
285,21,CLEAR,157,123,17,48,17,84,3,36,30.0,29.8,0,68,0,83,0,53,7,6,1,0,2,7,51,13.7,6,46,13.0,1,22,4.5,4,4,0,17,30,56.7,146.2,144,0,1,9,1,7,2,0,0,1,3,11,0,0,0,0,0
286,22,CLEAR,157,123,17,48,17,84,3,36,30.6,29.5,0,70,0,84,0,53,7,8,1,0,2,7,51,13.7,8,46,17.4,1,22,4.5,4,4,0,17,30,56.7,146.2,144,0,1,9,1,7,2,0,0,1,3,11,0,0,0,0,0
287,23,CLEAR,157,123,17,48,17,84,3,36,31.3,29.0,0,72,0,85,0,50,7,6,1,0,2,7,51,13.7,6,46,13.0,1,22,4.5,4,4,0,17,30,56.7,146.2,144,0,1,9,1,7,2,0,0,1,3,11,0,0,0,0,0
288,0,CLEAR,162,128,17,53,17,88,3,37,31.5,28.7,0,74,0,86,0,53,8,4,0,0,1,8,51,15.7,4,46,8.7,0,22,0.0,4,4,0,17,30,56.7,146.2,144,0,1,9,1,7,2,0,0,1,3,11,5,0,0,0,0
289,1,CLEAR,162,128,17,53,17,88,3,37,31.9,29.0,0,72,0,87,0,59,11,4,1,0,3,11,51,21.6,4,46,8.7,1,22,4.5,4,4,0,17,30,56.7,144.2,142,0,1,9,1,7,2,0,0,1,3,11,0,0,0,0,0
290,2,CLEAR,162,128,17,53,17,88,3,37,31.8,29.3,0,74,0,88,0,54,12,3,1,0,1,12,51,23.5,3,46,6.5,1,22,4.5,4,4,0,17,30,56.7,144.2,142,0,1,9,1,7,2,0,0,1,3,11,0,0,0,0,0
291,3,CLEAR,162,128,17,53,17,88,3,37,31.7,29.4,0,74,1,74,0,54,14,4,1,0,1,14,51,27.5,4,46,8.7,1,22,4.5,4,4,0,17,30,56.7,144.2,142,0,1,9,1,7,2,0,0,1,3,11,0,0,0,0,0
292,4,CLEAR,162,128,17,53,17,88,3,37,31.2,29.6,0,72,0,75,0,47,14,4,0,0,2,14,51,27.5,4,46,8.7,0,22,0.0,4,4,0,17,30,56.7,144.2,142,0,1,9,1,7,2,0,0,1,3,11,0,0,0,0,0
293,5,CLEAR,162,128,17,53,17,88,3,37,30.5,29.8,0,74,1,76,0,48,12,5,0,0,0,12,51,23.5,5,46,10.9,0,22,0.0,4,4,0,17,30,56.7,144.2,142,0,1,9,1,7,2,0,0,1,3,11,0,0,0,0,0
294,6,CLEAR,162,128,17,53,17,88,3,37,30.6,30.1,0,76,0,77,0,10,11,3,2,0,4,11,51,21.6,3,46,6.5,2,22,9.1,4,4,0,17,30,56.7,144.2,142,0,1,9,1,7,2,0,0,1,3,11,0,0,0,0,0
295,7,CLEAR,162,128,17,53,17,88,3,37,30.7,30.2,0,78,0,78,0,11,10,1,2,0,3,10,51,19.6,1,46,2.2,2,22,9.1,4,4,0,17,30,56.7,144.2,142,0,1,9,1,7,2,0,0,1,3,11,0,0,0,0,0
296,8,CLEAR,162,128,17,53,17,88,3,37,30.9,30.7,0,68,0,79,0,10,11,1,1,0,1,11,51,21.6,1,46,2.2,1,22,4.5,4,4,0,17,30,56.7,144.2,142,0,0,9,1,8,2,0,0,1,3,11,0,0,0,1,0
297,9,CLEAR,162,128,17,53,17,88,3,37,31.1,31.4,0,70,0,80,0,11,11,3,0,0,0,11,51,21.6,3,46,6.5,0,22,0.0,4,4,0,17,30,56.7,144.2,142,0,0,9,1,8,2,0,0,1,3,11,0,0,0,0,0
298,10,CLEAR,162,128,17,53,17,88,3,37,31.0,31.8,0,70,1,81,0,12,11,5,1,0,3,11,51,21.6,5,46,10.9,1,22,4.5,4,4,0,17,30,56.7,144.2,142,0,0,9,1,8,2,0,0,1,3,11,0,0,0,0,0
299,11,CLEAR,162,128,17,53,17,88,3,37,31.1,31.6,0,72,0,82,0,11,16,3,1,0,9,16,51,31.4,3,46,6.5,1,22,4.5,4,4,0,17,30,56.7,144.2,142,0,0,9,1,8,2,0,0,1,3,11,0,0,0,0,0
300,12,CLEAR,162,128,17,53,17,88,3,37,30.1,31.9,0,74,0,83,0,11,14,4,1,0,12,14,51,27.5,4,46,8.7,1,22,4.5,4,4,0,17,30,56.7,144.2,142,0,0,9,1,8,2,0,0,1,3,11,0,0,0,0,0
301,13,CLEAR,162,128,17,53,17,88,3,37,29.6,32.2,0,76,0,84,0,11,14,3,1,0,13,14,51,27.5,3,46,6.5,1,22,4.5,4,4,0,17,30,56.7,144.2,142,0,0,9,1,8,2,0,0,1,3,11,0,0,0,0,0
302,14,CLEAR,162,128,17,53,17,88,3,37,29.4,32.4,0,78,0,85,0,10,14,2,3,0,12,14,51,27.5,2,46,4.3,3,22,13.6,4,4,0,17,30,56.7,144.2,142,0,0,9,1,8,2,0,0,1,3,11,0,0,0,0,0
303,15,CLEAR,162,128,17,53,17,88,3,37,28.6,32.4,0,72,0,86,0,10,15,3,3,0,8,15,51,29.4,3,46,6.5,3,22,13.6,4,4,0,18,30,60.0,142.2,140,0,0,9,1,8,2,0,0,1,3,11,0,0,0,0,0
304,16,CLEAR,162,128,17,53,17,88,3,37,27.9,32.4,0,74,0,81,0,8,16,3,1,0,1,16,51,31.4,3,46,6.5,1,22,4.5,4,4,0,18,30,60.0,142.2,140,0,0,9,1,8,2,0,0,1,3,11,0,0,0,0,0
305,17,CLEAR,162,128,17,53,17,88,3,37,27.2,32.7,0,68,0,82,0,8,13,4,0,0,7,13,51,25.5,4,46,8.7,0,22,0.0,4,4,0,18,30,60.0,142.2,140,0,0,9,1,8,2,0,0,1,3,11,0,0,0,0,0
306,18,CLEAR,162,128,17,53,17,88,3,37,26.9,33.0,0,70,0,83,0,51,14,6,1,0,2,14,51,27.5,6,46,13.0,1,22,4.5,4,4,0,18,30,60.0,142.2,140,0,0,9,1,8,2,0,0,1,3,11,0,0,0,0,0
307,19,CLEAR,162,128,17,53,17,88,3,37,26.6,32.9,0,72,0,84,0,50,7,5,1,0,2,7,51,13.7,5,46,10.9,1,22,4.5,4,4,0,18,30,60.0,142.2,140,0,0,9,1,8,2,0,0,1,3,11,0,0,0,0,0
308,20,CLEAR,162,128,17,53,17,88,3,37,27.2,32.7,0,74,0,76,0,52,12,5,2,0,6,12,51,23.5,5,46,10.9,2,22,9.1,4,4,0,18,30,60.0,142.2,140,0,0,9,1,8,2,0,0,1,3,11,0,0,0,0,0
309,21,CLEAR,162,128,17,53,17,88,3,37,27.2,32.7,0,76,0,77,0,49,9,3,5,0,5,9,51,17.6,3,46,6.5,5,22,22.7,4,4,0,18,30,60.0,142.2,140,0,0,9,1,8,2,0,0,1,3,11,0,0,0,0,0
310,22,CLEAR,162,128,17,53,17,88,3,37,27.6,32.1,0,78,1,78,0,53,9,3,5,1,1,9,51,17.6,3,46,6.5,5,22,22.7,4,4,0,18,30,60.0,142.2,140,0,0,9,1,8,2,0,0,1,3,11,0,0,0,0,0
311,23,CLEAR,162,128,17,53,17,88,3,37,28.1,31.8,0,80,0,79,0,50,10,3,5,1,7,10,51,19.6,3,46,6.5,5,22,22.7,4,4,0,18,30,60.0,142.2,140,0,0,9,1,8,2,0,0,1,3,11,0,0,0,0,0
312,0,CLEAR,167,133,17,58,17,92,3,38,27.5,31.1,0,76,0,80,0,50,11,2,2,1,5,11,51,21.6,2,46,4.3,2,22,9.1,4,4,0,18,30,60.0,142.2,140,0,0,9,1,8,2,0,0,1,3,11,5,0,0,0,0
313,1,CLEAR,167,133,17,58,17,92,3,38,27.6,31.3,0,78,1,81,0,53,8,7,3,1,5,8,51,15.7,7,46,15.2,3,22,13.6,4,4,0,18,30,60.0,142.2,140,0,0,9,1,8,2,0,0,1,3,11,0,0,0,0,0
314,2,CLEAR,167,133,17,58,17,92,3,38,28.2,30.7,0,80,0,74,0,53,6,5,3,1,1,6,51,11.8,5,46,10.9,3,22,13.6,4,4,0,18,30,60.0,142.2,140,0,0,9,1,8,2,0,0,1,3,11,0,0,0,0,0
315,3,CLEAR,167,133,17,58,17,92,3,38,29.6,30.3,0,82,0,75,0,54,5,4,2,1,0,5,51,9.8,4,46,8.7,2,22,9.1,4,4,0,18,30,60.0,142.2,140,0,0,9,1,8,2,0,0,1,3,11,0,0,0,0,0
316,4,CLEAR,167,133,17,58,17,92,3,38,30.7,30.5,0,84,0,76,0,52,8,4,1,1,0,8,51,15.7,4,46,8.7,1,22,4.5,4,4,0,18,30,60.0,140.2,138,0,0,9,1,8,2,0,0,1,3,11,0,0,0,0,0
317,5,CLEAR,167,132,18,58,18,91,3,38,30.7,30.3,0,74,0,67,0,50,12,2,0,0,0,12,51,23.5,2,46,4.3,0,22,0.0,4,4,0,18,30,60.0,140.2,138,0,0,9,1,8,2,0,0,1,3,12,0,1,0,0,0
318,6,CLEAR,167,132,18,58,18,91,3,38,30.4,30.9,0,66,1,68,0,11,14,5,1,0,4,14,51,27.5,5,46,10.9,1,22,4.5,4,4,0,18,30,60.0,140.2,138,0,0,9,1,8,2,0,0,1,3,12,0,0,0,0,0
319,7,CLEAR,167,132,18,58,18,91,3,38,29.8,30.9,0,64,0,66,0,10,13,5,1,0,4,13,51,25.5,5,46,10.9,1,22,4.5,4,4,0,18,30,60.0,140.2,138,0,0,9,1,8,2,0,0,1,3,12,0,0,0,0,0
320,8,CLEAR,167,132,18,58,18,91,3,38,29.5,30.7,0,66,1,67,0,10,13,9,1,0,2,13,51,25.5,9,46,19.6,1,22,4.5,4,4,0,18,30,60.0,140.2,138,0,0,9,1,8,2,0,0,1,3,12,0,0,0,0,0
321,9,CLEAR,167,132,18,58,18,91,3,38,29.4,30.2,0,68,0,68,0,10,10,7,0,0,7,10,51,19.6,7,46,15.2,0,22,0.0,4,4,0,18,30,60.0,140.2,138,0,0,9,1,8,2,0,0,1,3,12,0,0,0,0,0
322,10,CLEAR,167,132,18,58,18,91,3,38,29.9,30.0,0,70,0,69,0,11,9,7,0,0,4,9,51,17.6,7,46,15.2,0,22,0.0,4,4,0,18,30,60.0,140.2,138,0,0,9,1,8,2,0,0,1,3,12,0,0,0,0,0
323,11,CLEAR,167,132,18,58,18,91,3,38,30.3,29.8,0,72,0,70,0,11,8,6,1,0,4,8,51,15.7,6,46,13.0,1,22,4.5,4,4,0,18,30,60.0,140.2,138,0,0,9,1,8,2,0,0,1,3,12,0,0,0,0,0
324,12,CLEAR,168,132,18,58,18,91,3,38,31.0,29.7,0,74,0,71,0,10,8,6,1,0,1,8,51,15.7,6,46,13.0,1,22,4.5,4,4,0,18,30,60.0,140.2,138,0,1,10,1,8,2,0,0,1,3,12,0,0,0,0,0
325,13,CLEAR,168,132,18,58,18,91,3,38,31.8,29.4,0,76,0,69,0,9,11,5,1,0,4,11,51,21.6,5,46,10.9,1,22,4.5,4,4,0,18,30,60.0,140.2,138,0,1,10,1,8,2,0,0,1,3,12,0,0,0,0,0
326,14,CLEAR,168,132,18,58,18,91,3,38,31.7,29.4,0,68,0,70,0,8,13,4,3,0,2,13,51,25.5,4,46,8.7,3,22,13.6,4,4,0,18,30,60.0,140.2,138,0,1,10,1,8,2,0,0,1,3,12,0,0,0,0,0
327,15,CLEAR,168,132,18,58,18,91,3,38,31.4,29.2,0,70,0,68,0,7,14,1,4,0,4,14,51,27.5,1,46,2.2,4,22,18.2,4,4,0,18,30,60.0,140.2,138,0,1,10,1,8,2,0,0,1,3,12,0,0,0,0,0
328,16,CLEAR,168,132,18,58,18,91,3,38,30.9,29.2,0,72,1,69,0,8,12,1,5,0,5,12,51,23.5,1,46,2.2,5,22,22.7,4,4,0,18,30,60.0,140.2,138,0,1,10,1,8,2,0,0,1,3,12,0,0,0,0,0
329,17,CLEAR,168,132,18,58,18,91,3,38,31.0,29.5,0,74,0,68,0,5,16,2,2,0,3,16,51,31.4,2,46,4.3,2,22,9.1,4,4,0,18,30,60.0,140.2,138,0,1,10,1,8,2,0,0,1,3,12,0,0,0,0,0
330,18,CLEAR,168,132,18,58,18,91,3,38,30.4,29.8,0,70,0,69,0,45,16,3,1,0,2,16,51,31.4,3,46,6.5,1,22,4.5,4,4,0,23,30,76.7,138.5,136,0,1,10,1,8,2,0,0,1,3,12,0,0,0,0,0
331,19,CLEAR,168,132,18,58,18,91,3,38,29.5,30.1,0,72,0,70,0,41,12,6,0,0,0,12,51,23.5,6,46,13.0,0,22,0.0,4,4,0,23,30,76.7,138.5,136,0,1,10,1,8,2,0,0,1,3,12,0,0,0,0,0
332,20,CLEAR,168,132,18,58,18,91,3,38,29.6,30.1,0,72,0,71,0,40,16,5,1,0,2,16,51,31.4,5,46,10.9,1,22,4.5,4,4,0,23,30,76.7,138.5,136,0,1,10,1,8,2,0,0,1,3,12,0,0,0,0,0
333,21,CLEAR,168,132,18,58,18,91,3,38,28.8,30.1,0,68,0,72,0,41,19,6,5,0,5,19,51,37.3,6,46,13.0,5,22,22.7,4,4,0,23,30,76.7,138.5,136,0,1,10,1,8,2,0,0,1,3,12,0,0,0,0,0
334,22,CLEAR,168,132,18,58,18,91,3,38,27.1,29.2,0,70,0,67,0,41,18,7,6,0,2,18,51,35.3,7,46,15.2,6,22,27.3,4,4,0,23,30,76.7,138.5,136,0,1,10,1,8,2,0,0,1,3,12,0,0,0,0,0
335,23,CLEAR,168,132,18,58,18,91,3,38,26.4,28.0,0,72,0,68,0,41,10,5,5,0,3,10,51,19.6,5,46,10.9,5,22,22.7,4,4,0,23,30,76.7,138.5,136,0,1,10,1,8,2,0,0,1,3,12,0,0,0,0,0
336,0,CLEAR,174,137,18,63,18,95,3,39,26.6,26.9,0,74,0,69,0,47,8,4,4,0,6,8,51,15.7,4,46,8.7,4,22,18.2,4,4,0,23,30,76.7,138.5,136,0,2,11,1,8,2,1,1,1,3,12,5,0,0,0,0
337,1,CLEAR,174,137,18,63,18,95,3,39,27.4,26.9,0,74,0,70,0,52,9,5,3,0,4,9,51,17.6,5,46,10.9,3,22,13.6,4,4,0,23,30,76.7,138.5,136,0,2,11,1,8,2,1,1,1,3,12,0,0,0,0,0
338,2,CLEAR,174,137,18,63,18,95,3,39,27.9,26.5,0,70,0,69,0,54,13,5,2,0,4,13,51,25.5,5,46,10.9,2,22,9.1,4,4,0,23,30,76.7,138.5,136,0,2,11,1,8,2,1,1,1,3,12,0,0,0,0,0
339,3,CLEAR,174,136,19,63,19,94,3,39,27.6,25.8,0,72,0,65,0,52,15,4,0,0,2,15,51,29.4,4,46,8.7,0,22,0.0,4,4,0,23,30,76.7,138.5,136,0,2,11,1,8,2,1,1,1,3,13,0,1,0,0,0
340,4,CLEAR,174,136,19,63,19,94,3,39,27.0,26.3,0,74,0,66,0,55,12,2,0,0,3,12,51,23.5,2,46,4.3,0,22,0.0,4,4,0,23,30,76.7,138.5,136,0,2,11,1,8,2,1,1,1,3,13,0,0,0,0,0
341,5,CLEAR,174,136,19,63,19,94,3,39,27.1,27.0,0,68,0,67,0,60,9,2,1,0,3,9,51,17.6,2,46,4.3,1,22,4.5,4,4,0,23,30,76.7,138.5,136,0,2,11,1,8,2,1,1,1,3,13,0,0,0,0,0
342,6,CLEAR,174,136,19,63,19,94,3,39,27.9,27.5,0,70,1,68,0,14,7,2,1,0,19,7,51,13.7,2,46,4.3,1,22,4.5,4,4,0,23,30,76.7,138.5,136,0,2,11,1,8,2,1,1,1,3,13,0,0,0,0,0
343,7,CLEAR,174,136,19,63,19,94,3,39,28.8,28.0,0,72,0,69,0,12,11,3,1,0,14,11,51,21.6,3,46,6.5,1,22,4.5,4,4,0,23,30,76.7,138.0,135,0,1,11,1,9,2,1,1,1,3,13,0,0,0,1,0
344,8,CLEAR,174,136,19,63,19,94,3,39,28.8,28.4,0,70,0,70,0,13,15,4,1,0,5,15,51,29.4,4,46,8.7,1,22,4.5,4,4,0,23,30,76.7,137.2,135,0,1,11,1,9,2,1,1,1,3,13,0,0,0,0,0
345,9,CLEAR,174,136,19,63,19,94,3,39,28.1,28.4,0,72,0,71,0,13,14,3,1,0,8,14,51,27.5,3,46,6.5,1,22,4.5,4,4,0,23,30,76.7,137.2,135,0,1,11,1,9,2,1,1,1,3,13,0,0,0,0,0
346,10,CLEAR,174,136,19,63,19,94,3,39,27.9,29.0,0,74,0,72,0,12,6,2,2,0,2,6,51,11.8,2,46,4.3,2,22,9.1,4,4,0,23,30,76.7,137.2,135,0,1,11,1,9,2,1,1,1,3,13,0,0,0,0,0
347,11,CLEAR,174,136,19,63,19,94,3,39,29.3,29.4,0,76,0,73,0,13,3,2,2,1,5,3,51,5.9,2,46,4.3,2,22,9.1,4,4,0,23,30,76.7,137.2,135,0,1,11,1,9,2,1,1,1,3,13,0,0,0,0,0
348,12,CLEAR,175,136,19,63,19,94,3,39,30.7,29.7,0,72,0,74,0,13,6,3,2,1,1,6,51,11.8,3,46,6.5,2,22,9.1,4,4,0,23,30,76.7,137.2,135,0,2,12,1,9,2,2,2,1,3,13,0,0,0,0,0
349,13,CLEAR,175,135,20,63,20,94,3,38,31.7,29.3,0,74,0,75,0,11,11,3,2,0,2,11,51,21.6,3,46,6.5,2,22,9.1,4,4,0,23,30,76.7,137.2,135,0,2,12,1,9,2,2,2,1,3,14,0,1,0,0,0
350,14,CLEAR,175,135,20,63,20,94,3,38,31.5,29.4,1,74,0,76,0,11,14,4,1,0,2,14,51,27.5,4,46,8.7,1,22,4.5,4,4,0,23,30,76.7,137.2,135,0,2,12,1,9,2,2,2,1,3,14,0,0,0,0,0
351,15,CLEAR,175,135,20,63,20,94,3,38,31.4,29.7,0,74,0,77,0,9,15,5,2,0,5,15,51,29.4,5,46,10.9,2,22,9.1,4,4,0,23,30,76.7,137.2,135,0,2,12,1,9,2,2,2,1,3,14,0,0,0,0,0
352,16,CLEAR,175,135,20,63,20,94,3,38,31.1,29.5,0,68,0,78,0,9,11,3,3,0,5,11,51,21.6,3,46,6.5,3,22,13.6,4,4,0,23,30,76.7,137.2,135,0,2,12,1,9,2,2,2,1,3,14,0,0,0,0,0
353,17,CLEAR,175,135,20,63,20,94,3,38,31.1,29.5,0,70,0,79,0,7,11,3,2,0,4,11,51,21.6,3,46,6.5,2,22,9.1,4,4,0,23,30,76.7,137.2,135,0,2,12,1,9,2,2,2,1,3,14,0,0,0,0,0
354,18,CLEAR,175,135,20,63,20,94,3,38,31.4,29.8,0,72,0,80,0,56,10,2,1,0,1,10,51,19.6,2,46,4.3,1,22,4.5,4,4,0,23,30,76.7,137.2,135,0,2,12,1,9,2,2,2,1,3,14,0,0,0,0,0
355,19,CLEAR,175,135,20,63,20,94,3,38,31.7,30.3,0,74,0,81,0,55,14,4,0,0,2,14,51,27.5,4,46,8.7,0,22,0.0,4,4,0,23,30,76.7,137.2,135,0,2,12,1,9,2,2,2,1,3,14,0,0,0,0,0
356,20,CLEAR,175,135,20,63,20,94,3,38,31.0,30.5,0,74,0,82,0,53,17,4,0,0,1,17,51,33.3,4,46,8.7,0,22,0.0,4,4,0,23,30,76.7,137.2,135,0,2,12,1,9,2,2,2,1,3,14,0,0,0,0,0
357,21,CLEAR,175,135,20,63,20,94,3,38,30.1,30.8,0,72,0,83,0,51,18,4,0,0,0,18,51,35.3,4,46,8.7,0,22,0.0,4,4,0,23,30,76.7,136.0,133,1,2,12,1,9,2,2,2,1,3,14,0,0,0,0,0
358,22,CLEAR,175,135,20,63,20,94,3,38,29.3,31.2,0,74,0,84,0,52,17,5,1,0,0,17,51,33.3,5,46,10.9,1,22,4.5,4,4,0,23,30,76.7,135.8,133,1,2,12,1,9,2,2,2,1,3,14,0,0,0,0,0
359,23,CLEAR,175,135,20,63,20,94,3,38,28.2,31.2,0,76,0,85,0,52,17,4,1,0,0,17,51,33.3,4,46,8.7,1,22,4.5,4,4,0,23,30,76.7,135.8,133,1,2,12,1,9,2,2,2,1,3,14,0,0,0,0,0
360,0,CLEAR,180,140,20,68,20,98,3,39,26.9,31.0,0,76,0,86,0,49,18,6,1,0,1,18,51,35.3,6,46,13.0,1,22,4.5,4,4,0,23,30,76.7,135.8,133,1,2,12,1,9,2,2,2,1,3,14,5,0,0,0,0
361,1,CLEAR,180,140,20,68,20,98,3,39,26.3,30.9,0,63,0,87,0,55,14,6,0,0,2,14,51,27.5,6,46,13.0,0,22,0.0,4,4,0,23,30,76.7,135.8,133,1,2,12,1,9,2,2,2,1,3,14,0,0,0,0,0
362,2,CLEAR,180,140,20,68,20,98,3,39,25.7,31.0,0,65,0,88,0,57,12,6,0,0,3,12,51,23.5,6,46,13.0,0,22,0.0,4,4,0,23,30,76.7,135.8,133,1,2,12,1,9,2,2,2,1,3,14,0,0,0,0,0
363,3,CLEAR,180,140,20,68,20,98,3,39,25.9,31.1,0,62,0,89,0,56,14,4,0,0,2,14,51,27.5,4,46,8.7,0,22,0.0,4,4,0,23,30,76.7,135.8,133,1,2,12,1,9,2,2,2,1,3,14,0,0,0,0,0
364,4,CLEAR,180,140,20,68,20,98,3,39,26.0,31.4,0,64,0,90,0,55,11,6,0,0,4,11,51,21.6,6,46,13.0,0,22,0.0,4,4,0,23,30,76.7,135.8,133,1,1,12,2,9,2,2,2,1,3,14,0,0,1,0,0
365,5,DROUGHT,180,140,20,68,20,98,3,39,28.1,31.5,0,68,0,91,0,52,14,7,1,0,2,14,51,27.5,7,46,15.2,1,22,4.5,4,4,0,23,30,76.7,135.8,133,1,1,12,2,9,2,2,2,1,3,14,0,0,0,0,0
366,6,DROUGHT,180,140,20,68,20,98,3,39,29.9,31.1,0,72,0,92,0,11,15,6,1,0,9,15,51,29.4,6,46,13.0,1,22,4.5,4,4,0,23,30,76.7,135.8,133,1,1,12,2,9,2,2,2,1,3,14,0,0,0,0,0
367,7,DROUGHT,180,140,20,68,20,98,3,39,31.4,31.1,0,74,0,93,0,9,15,5,1,0,2,15,51,29.4,5,46,10.9,1,22,4.5,4,4,0,23,30,76.7,135.8,133,1,1,12,2,9,2,2,2,1,3,14,0,0,0,0,0
368,8,DROUGHT,180,140,20,68,20,98,3,39,33.1,31.2,0,78,0,94,0,9,16,6,0,0,1,16,51,31.4,6,46,13.0,0,22,0.0,4,4,0,23,30,76.7,135.8,133,1,1,12,2,9,2,2,2,1,3,14,0,0,0,0,0
369,9,DROUGHT,180,140,20,68,20,98,3,39,34.2,31.1,0,82,1,95,0,10,19,7,0,0,2,19,51,37.3,7,46,15.2,0,22,0.0,4,4,0,23,30,76.7,135.8,133,1,1,12,2,9,2,2,2,1,3,14,0,0,0,0,0
370,10,DROUGHT,180,140,20,68,20,98,3,39,35.1,30.9,0,78,0,96,0,8,22,6,0,0,0,22,51,43.1,6,46,13.0,0,22,0.0,4,4,0,23,30,76.7,135.8,133,1,1,12,2,9,2,2,2,1,3,14,0,0,0,0,0
371,11,DROUGHT,180,140,20,68,20,98,3,39,35.5,31.1,0,82,0,97,0,8,20,4,0,0,2,20,51,39.2,4,46,8.7,0,22,0.0,4,4,0,23,30,76.7,134.2,131,1,0,12,2,10,2,2,2,1,3,14,0,0,0,1,0
372,12,DROUGHT,181,140,20,68,20,98,3,39,35.8,31.5,0,86,0,98,0,9,25,7,2,0,2,25,51,49.0,7,46,15.2,2,22,9.1,4,4,0,23,30,76.7,134.2,131,1,1,13,2,10,2,2,2,1,3,14,0,0,0,0,0
373,13,DROUGHT,181,140,20,68,20,98,3,39,35.8,31.1,0,90,0,99,0,8,29,6,5,0,1,29,51,56.9,6,46,13.0,5,22,22.7,4,4,0,23,30,76.7,134.2,131,1,1,13,2,10,2,2,2,1,3,14,0,0,0,0,0
374,14,DROUGHT,181,139,21,68,21,97,3,39,34.5,29.6,0,94,0,70,0,6,27,5,5,0,4,27,51,52.9,5,46,10.9,5,22,22.7,4,4,0,23,30,76.7,134.2,131,1,1,13,2,10,2,2,2,1,4,14,0,1,0,0,0
375,15,DROUGHT,181,139,21,68,21,97,3,39,34.2,29.0,0,84,0,71,0,5,28,5,3,0,5,28,51,54.9,5,46,10.9,3,22,13.6,4,4,0,23,30,76.7,134.2,131,1,1,13,2,10,2,2,2,1,4,14,0,0,0,0,0
376,16,DROUGHT,181,139,21,68,21,97,3,39,33.7,29.0,0,88,0,72,0,1,27,2,0,0,3,27,51,52.9,2,46,4.3,0,22,0.0,4,4,0,23,30,76.7,134.2,131,1,1,13,2,10,2,2,2,1,4,14,0,0,0,0,0
377,17,DROUGHT,181,139,21,68,21,97,3,39,33.2,29.6,0,92,0,73,0,4,29,3,0,0,5,29,51,56.9,3,46,6.5,0,22,0.0,4,4,0,23,30,76.7,134.2,131,1,1,13,2,10,2,2,2,1,4,14,0,0,0,0,0
378,18,DROUGHT,181,139,21,68,21,97,3,39,32.1,30.3,0,96,0,74,0,26,26,3,0,0,5,26,51,51.0,3,46,6.5,0,22,0.0,4,4,0,23,30,76.7,134.2,131,1,1,13,2,10,2,2,2,1,4,14,0,0,0,0,0
379,19,DROUGHT,181,138,22,68,22,97,3,38,31.8,30.8,0,86,0,75,0,26,21,4,0,0,0,21,51,41.2,4,46,8.7,0,22,0.0,4,4,0,23,30,76.7,134.2,131,1,1,13,2,10,2,2,2,2,4,14,0,1,0,0,0
380,20,DROUGHT,181,138,22,68,22,97,3,38,32.4,31.2,0,90,0,76,0,27,17,4,0,0,0,17,51,33.3,4,46,8.7,0,22,0.0,4,4,0,23,30,76.7,134.2,131,1,1,13,2,10,2,2,2,2,4,14,0,0,0,0,0
381,21,DROUGHT,181,138,22,68,22,97,3,38,33.9,31.6,0,94,0,77,0,26,17,9,0,0,1,17,51,33.3,9,46,19.6,0,22,0.0,4,4,0,23,30,76.7,134.2,131,1,1,13,2,10,2,2,2,2,4,14,0,0,0,0,0
382,22,DROUGHT,181,138,22,68,22,97,3,38,34.9,31.2,0,98,0,78,0,30,16,11,1,0,0,16,51,31.4,11,46,23.9,1,22,4.5,4,4,0,23,30,76.7,134.2,131,1,1,13,2,10,2,2,2,2,4,14,0,0,0,0,0
383,23,DROUGHT,181,137,23,68,23,97,3,37,35.6,30.2,0,88,0,79,0,33,18,9,1,0,0,18,51,35.3,9,46,19.6,1,22,4.5,4,4,0,23,30,76.7,134.2,131,1,1,13,2,10,2,2,2,3,4,14,0,1,0,0,0
384,0,DROUGHT,185,140,23,71,23,100,3,37,35.8,29.4,0,92,0,80,0,38,22,6,2,0,0,22,51,43.1,6,46,13.0,2,22,9.1,4,4,0,23,30,76.7,134.2,131,1,2,14,2,10,2,2,2,3,4,14,3,0,0,0,0
385,1,DROUGHT,185,140,23,71,23,100,3,37,36.3,29.2,0,96,0,81,0,43,24,6,1,0,0,24,51,47.1,6,46,13.0,1,22,4.5,4,4,0,23,30,76.7,132.2,129,1,1,14,2,11,2,2,2,3,4,14,0,0,0,1,0
386,2,DROUGHT,185,138,25,71,25,100,3,35,35.0,29.3,0,84,0,82,0,47,27,8,1,0,0,27,51,52.9,8,46,17.4,1,22,4.5,4,4,0,23,30,76.7,132.2,129,1,1,14,2,11,2,2,2,5,4,14,0,2,0,0,0
387,3,DROUGHT,185,138,25,71,25,100,3,35,34.2,28.7,0,76,0,83,0,45,25,8,1,0,0,25,51,49.0,8,46,17.4,1,22,4.5,4,4,0,23,30,76.7,132.2,129,1,1,14,2,11,2,2,2,5,4,14,0,0,0,0,0
388,4,DROUGHT,185,138,25,71,25,100,3,35,34.0,28.3,0,80,0,84,0,50,19,4,0,0,0,19,51,37.3,4,46,8.7,0,22,0.0,4,4,0,23,30,76.7,132.2,129,1,1,14,2,11,2,2,2,5,4,14,0,0,0,0,0
389,5,DROUGHT,185,138,25,71,25,100,3,35,35.0,28.7,0,84,0,85,0,53,19,2,0,0,0,19,51,37.3,2,46,4.3,0,22,0.0,4,4,0,23,30,76.7,132.2,129,1,1,14,2,11,2,2,2,5,4,14,0,0,0,0,0
390,6,DROUGHT,185,138,25,71,25,100,3,35,36.2,29.5,0,88,0,86,0,2,17,2,1,0,10,17,51,33.3,2,46,4.3,1,22,4.5,4,4,0,23,30,76.7,132.2,129,1,1,14,2,11,2,2,2,5,4,14,0,0,0,0,0
391,7,DROUGHT,185,138,25,71,25,100,3,35,36.9,30.1,0,92,0,87,0,2,20,2,1,1,11,20,51,39.2,2,46,4.3,1,22,4.5,4,4,0,23,30,76.7,132.2,129,1,1,14,2,11,2,2,2,5,4,14,0,0,0,0,0
392,8,DROUGHT,185,138,25,71,25,100,3,35,37.8,30.5,0,96,0,88,0,2,22,1,0,1,6,22,51,43.1,1,46,2.2,0,22,0.0,4,4,0,23,30,76.7,132.2,129,1,1,14,2,11,2,2,2,5,4,14,0,0,0,0,0
393,9,DROUGHT,185,137,26,71,26,99,3,35,38.3,30.8,0,92,0,89,0,2,26,2,0,0,10,26,51,51.0,2,46,4.3,0,22,0.0,4,4,0,23,30,76.7,132.2,129,1,1,14,2,11,2,2,2,5,4,15,0,1,0,0,0
394,10,DROUGHT,185,137,26,71,26,99,3,35,37.8,31.6,0,88,0,90,0,3,28,1,0,0,12,28,51,54.9,1,46,2.2,0,22,0.0,4,4,0,23,30,76.7,132.2,129,1,1,14,2,11,2,2,2,5,4,15,0,0,0,0,0
395,11,DROUGHT,185,137,26,71,26,99,3,35,36.9,32.4,0,88,0,91,0,3,35,1,0,0,11,35,51,68.6,1,46,2.2,0,22,0.0,4,4,0,23,30,76.7,132.2,129,1,1,14,2,11,2,2,2,5,4,15,0,0,0,0,0
396,12,DROUGHT,186,137,26,71,26,99,3,35,34.6,33.2,0,84,1,92,0,3,32,2,1,0,7,32,51,62.7,2,46,4.3,1,22,4.5,4,4,0,23,30,76.7,132.2,129,1,2,15,2,11,2,3,3,5,4,15,0,0,0,0,0
397,13,DROUGHT,186,137,26,71,26,99,3,35,33.0,33.7,0,88,0,93,0,4,29,1,1,0,5,29,51,56.9,1,46,2.2,1,22,4.5,4,4,0,23,30,76.7,132.2,129,1,2,15,2,11,2,3,3,5,4,15,0,0,0,0,0
398,14,DROUGHT,186,137,26,71,26,99,3,35,32.3,34.3,0,88,0,94,0,4,25,4,1,0,7,25,51,49.0,4,46,8.7,1,22,4.5,4,4,0,23,30,76.7,132.2,129,1,2,15,2,11,2,3,3,5,4,15,0,0,0,0,0
399,15,DROUGHT,186,137,26,71,26,99,3,35,31.8,34.5,0,92,0,95,0,4,28,6,3,0,10,28,51,54.9,6,46,13.0,3,22,13.6,4,4,0,23,30,76.7,131.2,128,1,2,15,2,11,2,3,3,5,4,15,0,0,0,0,0
400,16,DROUGHT,186,137,26,71,26,99,3,35,30.6,33.8,0,84,0,96,0,3,31,5,4,0,10,31,51,60.8,5,46,10.9,4,22,18.2,4,4,0,23,30,76.7,131.2,128,1,2,15,2,11,2,3,3,5,4,15,0,0,0,0,0
401,17,DROUGHT,186,137,26,71,26,99,3,35,29.6,33.5,0,84,0,97,0,3,24,1,2,0,11,24,51,47.1,1,46,2.2,2,22,9.1,4,4,0,23,30,76.7,131.2,128,1,2,15,2,11,2,3,3,5,4,15,0,0,0,0,0
402,18,DROUGHT,186,137,26,71,26,99,3,35,29.1,34.3,0,88,0,98,0,49,30,0,0,0,0,30,51,58.8,0,46,0.0,0,22,0.0,4,4,0,23,30,76.7,131.2,128,1,2,15,2,11,2,3,3,5,4,15,0,0,0,0,0
403,19,DROUGHT,186,137,26,71,26,99,3,35,28.0,35.3,0,92,1,99,0,52,21,0,3,0,1,21,51,41.2,0,46,0.0,3,22,13.6,4,4,0,23,30,76.7,131.2,128,1,2,15,2,11,2,3,3,5,4,15,0,0,0,0,0
404,20,DROUGHT,186,137,26,71,26,99,3,35,28.3,35.7,0,96,2,95,0,50,20,1,4,0,1,20,51,39.2,1,46,2.2,4,22,18.2,4,4,0,23,30,76.7,131.2,128,1,2,15,2,11,2,3,3,5,4,15,0,0,0,0,0
405,21,DROUGHT,186,137,26,71,26,99,3,35,29.4,35.8,0,76,3,89,0,47,10,3,4,0,3,10,51,19.6,3,46,6.5,4,22,18.2,4,4,0,23,30,76.7,131.2,128,1,2,15,2,11,2,3,3,5,4,15,0,0,0,0,0
406,22,DROUGHT,186,137,26,71,26,99,3,35,31.6,35.5,0,80,0,90,0,53,9,2,4,0,2,9,51,17.6,2,46,4.3,4,22,18.2,4,4,0,23,30,76.7,131.2,128,1,2,15,2,11,2,3,3,5,4,15,0,0,0,0,0
407,23,DROUGHT,186,137,26,71,26,99,3,35,34.0,35.6,0,76,0,91,0,51,12,2,1,0,4,12,51,23.5,2,46,4.3,1,22,4.5,4,4,0,23,30,76.7,131.2,128,1,2,15,2,11,2,3,3,5,4,15,0,0,0,0,0
408,0,DROUGHT,189,140,26,74,26,102,3,35,35.5,35.5,0,80,0,92,0,47,16,3,1,0,3,16,51,31.4,3,46,6.5,1,22,4.5,4,4,0,23,30,76.7,131.2,128,1,2,15,2,11,2,3,3,5,4,15,3,0,0,0,0
409,1,DROUGHT,189,140,26,74,26,102,3,35,36.5,35.8,0,84,0,92,0,45,24,3,2,1,7,24,51,47.1,3,46,6.5,2,22,9.1,4,4,0,23,30,76.7,131.2,128,1,2,15,2,11,2,3,3,5,4,15,0,0,0,0,0
410,2,DROUGHT,189,140,26,74,26,102,3,35,36.4,35.9,0,88,0,93,0,41,25,4,2,0,6,25,51,49.0,4,46,8.7,2,22,9.1,4,4,0,23,30,76.7,131.2,128,1,2,15,2,11,2,3,3,5,4,15,0,0,0,0,0
411,3,DROUGHT,189,140,26,74,26,102,3,35,36.1,35.8,0,88,0,94,0,42,24,2,4,0,4,24,51,47.1,2,46,4.3,4,22,18.2,4,4,0,23,30,76.7,131.2,128,1,2,15,2,11,2,3,3,5,4,15,0,0,0,0,0
412,4,DROUGHT,189,140,26,74,26,102,3,35,36.1,35.8,0,92,0,91,0,38,29,1,4,0,9,29,51,56.9,1,46,2.2,4,22,18.2,4,4,0,23,30,76.7,129.8,126,1,2,15,2,11,2,3,3,5,4,15,0,0,0,0,0
413,5,DROUGHT,189,140,26,74,26,102,3,35,35.4,36.0,0,96,0,87,0,37,28,2,6,0,5,28,51,54.9,2,46,4.3,6,22,27.3,4,4,0,23,30,76.7,129.2,126,1,2,15,2,11,2,3,3,5,4,15,0,0,0,0,0
414,6,DROUGHT,189,137,29,74,29,102,3,32,32.9,36.3,0,96,0,85,0,7,31,1,6,0,20,31,51,60.8,1,46,2.2,6,22,27.3,4,4,0,23,30,76.7,129.2,126,1,2,15,2,11,2,3,3,8,4,15,0,3,0,0,0
415,7,DROUGHT,189,136,30,74,30,102,3,31,31.6,36.4,0,88,0,86,0,4,26,0,6,0,14,26,51,51.0,0,46,0.0,6,22,27.3,4,4,0,23,30,76.7,129.2,126,1,1,15,2,12,2,3,3,9,4,15,0,1,0,1,0
416,8,DROUGHT,189,135,31,74,31,101,3,31,31.9,35.8,0,92,0,81,0,6,25,3,5,0,12,25,51,49.0,3,46,6.5,5,22,22.7,4,4,0,23,30,76.7,129.2,126,1,1,15,2,12,2,3,3,9,4,16,0,1,0,0,0
417,9,DROUGHT,189,135,31,74,31,101,3,31,31.6,35.6,0,92,0,82,0,5,26,3,4,0,16,26,51,51.0,3,46,6.5,4,22,18.2,4,4,0,23,30,76.7,129.2,126,1,1,15,2,12,2,3,3,9,4,16,0,0,0,0,0
418,10,DROUGHT,189,135,31,74,31,101,3,31,31.4,35.3,0,96,0,80,0,5,19,2,6,0,16,19,51,37.3,2,46,4.3,6,22,27.3,4,4,0,23,30,76.7,129.2,126,1,1,15,2,12,2,3,3,9,4,16,0,0,0,0,0
419,11,DROUGHT,189,133,33,74,33,101,3,29,32.0,34.7,0,96,0,80,0,6,24,1,4,0,14,24,51,47.1,1,46,2.2,4,22,18.2,4,4,0,23,30,76.7,129.2,126,1,1,15,2,12,2,3,3,10,4,17,0,2,0,0,0
420,12,DROUGHT,190,132,34,74,34,101,3,28,31.5,34.9,0,92,1,81,0,6,20,1,4,0,5,20,51,39.2,1,46,2.2,4,22,18.2,4,4,0,23,30,76.7,129.2,126,1,2,16,2,12,2,2,3,11,4,17,0,1,0,0,0
421,13,DROUGHT,190,132,34,74,34,101,3,28,31.6,35.2,0,96,0,82,0,7,20,3,2,0,8,20,51,39.2,3,46,6.5,2,22,9.1,4,4,0,23,30,76.7,129.2,126,1,2,16,2,12,2,2,3,11,4,17,0,0,0,0,0
422,14,DROUGHT,190,130,36,74,36,101,3,26,31.5,36.0,0,96,0,83,0,7,12,8,0,0,4,12,51,23.5,8,46,17.4,0,22,0.0,4,4,0,23,30,76.7,129.2,126,1,2,16,2,12,2,2,3,13,4,17,0,2,0,0,0
423,15,DROUGHT,190,129,37,74,37,101,3,25,33.3,35.6,0,96,1,84,0,6,13,9,0,0,10,13,51,25.5,9,46,19.6,0,22,0.0,4,4,0,23,30,76.7,129.2,126,1,2,16,2,12,2,2,3,14,4,17,0,1,0,0,0
424,16,DROUGHT,190,126,40,74,40,101,3,22,33.0,35.8,0,96,0,85,0,6,15,6,0,0,4,15,51,29.4,6,46,13.0,0,22,0.0,4,4,0,23,30,76.7,129.2,126,1,2,16,2,12,2,2,3,17,4,17,0,3,0,0,0
425,17,DROUGHT,190,126,40,74,40,101,3,22,34.1,36.2,0,96,0,86,0,5,14,5,1,0,2,14,51,27.5,5,46,10.9,1,22,4.5,4,4,0,23,30,76.7,129.2,126,1,2,16,2,12,2,2,3,17,4,17,0,0,0,0,0
426,18,DROUGHT,190,124,42,74,42,101,3,20,34.8,36.4,0,92,1,87,0,32,10,8,2,0,1,10,51,19.6,8,46,17.4,2,22,9.1,4,4,0,23,30,76.7,128.2,125,1,2,16,2,12,2,2,3,19,4,17,0,2,0,0,0
427,19,DROUGHT,190,123,43,74,43,100,3,20,37.3,35.5,0,96,0,88,0,28,14,8,1,0,3,14,51,27.5,8,46,17.4,1,22,4.5,4,4,0,23,30,76.7,128.2,125,1,2,16,2,12,3,2,3,19,4,17,0,1,0,0,1
428,20,DROUGHT,190,120,46,74,46,100,3,17,37.1,35.1,0,96,0,89,0,24,16,10,1,0,5,16,51,31.4,10,46,21.7,1,22,4.5,4,4,0,23,30,76.7,128.2,125,1,2,16,2,12,3,2,3,22,4,17,0,3,0,0,0
429,21,DROUGHT,190,118,48,74,48,100,3,15,37.0,34.6,0,92,0,80,0,26,18,8,1,0,0,18,51,35.3,8,46,17.4,1,22,4.5,4,4,0,23,30,76.7,128.2,125,1,2,16,2,12,3,2,3,24,4,17,0,2,0,0,0
430,22,DROUGHT,190,118,48,74,48,100,3,15,37.7,33.9,0,76,0,81,0,25,18,7,1,0,1,18,51,35.3,7,46,15.2,1,22,4.5,4,4,0,23,30,76.7,128.2,125,1,2,16,2,12,3,2,3,24,4,17,0,0,0,0,0
431,23,DROUGHT,190,118,48,74,48,100,3,15,37.8,33.8,0,80,0,82,0,26,26,6,1,0,1,26,51,51.0,6,46,13.0,1,22,4.5,4,4,0,23,30,76.7,128.2,125,1,2,16,2,12,3,2,3,24,4,17,0,0,0,0,0
432,0,DROUGHT,195,123,48,79,48,104,3,16,35.5,32.5,0,84,0,83,0,28,22,10,0,0,3,22,51,43.1,10,46,21.7,0,22,0.0,4,4,0,23,30,76.7,128.2,125,1,2,16,2,12,3,2,3,24,4,17,5,0,0,0,0
433,1,DROUGHT,195,123,48,79,48,104,3,16,35.3,31.5,0,88,0,83,0,31,19,9,0,0,6,19,51,37.3,9,46,19.6,0,22,0.0,4,4,0,23,30,76.7,128.2,125,1,2,16,2,12,3,2,3,24,4,17,0,0,0,0,0
434,2,DROUGHT,195,123,48,79,48,104,3,16,35.9,31.0,0,92,0,84,0,28,18,8,3,0,7,18,51,35.3,8,46,17.4,3,22,13.6,4,4,0,23,30,76.7,128.2,125,1,1,16,2,13,3,2,3,24,4,17,0,0,0,1,0
435,3,DROUGHT,195,123,48,79,48,104,3,16,36.3,30.3,0,96,0,85,0,26,23,5,3,0,8,23,51,45.1,5,46,10.9,3,22,13.6,4,4,0,23,30,76.7,128.2,125,1,1,16,2,13,3,2,3,24,4,17,0,0,0,0,0
436,4,DROUGHT,195,123,48,79,48,104,3,16,35.3,30.1,0,92,0,86,0,27,24,3,1,0,6,24,51,47.1,3,46,6.5,1,22,4.5,4,4,0,23,30,76.7,128.2,125,1,1,16,2,13,3,2,3,24,4,17,0,0,0,0,0
437,5,DROUGHT,195,123,48,79,48,104,3,16,34.5,30.5,0,96,0,87,0,27,23,2,1,0,5,23,51,45.1,2,46,4.3,1,22,4.5,4,4,0,23,30,76.7,128.2,125,1,1,16,2,13,3,2,3,24,4,17,0,0,0,0,0
438,6,DROUGHT,195,123,48,79,48,104,3,16,34.5,31.0,0,96,0,88,0,4,20,3,1,0,10,20,51,39.2,3,46,6.5,1,22,4.5,4,4,0,23,30,76.7,128.2,125,1,1,16,2,13,3,2,3,24,4,17,0,0,0,0,0
439,7,DROUGHT,195,122,49,79,49,104,3,15,33.9,31.5,0,96,0,89,0,4,23,4,1,0,10,23,51,45.1,4,46,8.7,1,22,4.5,4,4,0,23,30,76.7,127.5,124,1,1,16,2,13,3,2,3,25,4,17,0,1,0,0,0
440,8,DROUGHT,195,122,49,79,49,104,3,15,33.8,31.6,0,92,0,90,0,2,21,7,1,0,11,21,51,41.2,7,46,15.2,1,22,4.5,4,4,0,23,30,76.7,127.2,124,1,1,16,2,13,3,2,3,25,4,17,0,0,0,0,0
441,9,DROUGHT,195,122,49,79,49,104,3,15,33.3,31.3,0,88,0,91,0,3,23,10,1,0,6,23,51,45.1,10,46,21.7,1,22,4.5,4,4,0,23,30,76.7,127.2,124,1,1,16,2,13,3,2,3,25,4,17,0,0,0,0,0
442,10,DROUGHT,195,122,49,79,49,104,3,15,33.1,30.3,0,92,0,92,0,2,17,8,1,0,6,17,51,33.3,8,46,17.4,1,22,4.5,4,4,0,23,30,76.7,127.2,124,1,1,16,2,13,3,2,3,25,4,17,0,0,0,0,0
443,11,DROUGHT,195,122,49,79,49,104,3,15,33.8,29.9,0,96,0,93,0,2,22,7,0,0,5,22,51,43.1,7,46,15.2,0,22,0.0,4,4,0,23,30,76.7,127.2,124,1,1,16,2,13,3,2,3,25,4,17,0,0,0,0,0
444,12,DROUGHT,195,121,50,79,50,104,3,14,33.2,29.5,0,96,0,94,0,3,22,6,0,0,8,22,51,43.1,6,46,13.0,0,22,0.0,4,4,0,23,30,76.7,127.2,124,1,1,16,2,13,3,1,3,26,4,17,0,1,0,0,0
445,13,DROUGHT,195,120,51,79,51,104,3,13,32.4,29.4,0,92,1,95,0,2,18,7,0,0,5,18,51,35.3,7,46,15.2,0,22,0.0,4,4,0,23,30,76.7,127.2,124,1,1,16,2,13,3,1,3,27,4,17,0,1,0,0,0
446,14,DROUGHT,195,120,51,79,51,104,3,13,32.6,29.4,0,84,0,96,0,3,18,3,1,0,5,18,51,35.3,3,46,6.5,1,22,4.5,4,4,0,23,30,76.7,127.2,124,1,1,16,2,13,3,1,3,27,4,17,0,0,0,0,0
447,15,DROUGHT,195,120,51,79,51,104,3,13,32.9,29.8,0,88,0,97,0,3,12,3,1,0,6,12,51,23.5,3,46,6.5,1,22,4.5,4,4,0,23,30,76.7,127.2,124,1,1,16,2,13,3,1,3,27,4,17,0,0,0,0,0
448,16,DROUGHT,195,120,51,79,51,104,3,13,34.5,30.1,0,92,0,98,0,4,18,2,0,0,5,18,51,35.3,2,46,4.3,0,22,0.0,4,4,0,23,30,76.7,127.2,124,1,1,16,2,13,3,1,3,27,4,17,0,0,0,0,0
449,17,DROUGHT,195,120,51,79,51,104,3,13,35.1,30.7,0,96,0,99,0,5,15,4,0,0,5,15,51,29.4,4,46,8.7,0,22,0.0,4,4,0,23,30,76.7,127.2,124,1,0,16,2,14,3,1,3,27,4,17,0,0,0,1,0
450,18,DROUGHT,195,118,53,79,53,103,3,12,35.3,30.4,0,84,1,83,0,41,16,6,0,0,1,16,51,31.4,6,46,13.0,0,22,0.0,4,4,0,23,30,76.7,127.2,124,1,0,16,2,14,3,1,3,28,5,17,0,2,0,0,0
451,19,DROUGHT,195,118,53,79,53,103,3,12,35.9,30.3,0,88,0,84,0,39,19,4,0,0,0,19,51,37.3,4,46,8.7,0,22,0.0,4,4,0,23,30,76.7,127.2,124,1,0,16,2,14,3,1,3,28,5,17,0,0,0,0,0
452,20,DROUGHT,195,118,53,79,53,103,3,12,36.6,30.6,0,92,0,85,0,37,21,3,1,0,3,21,51,41.2,3,46,6.5,1,22,4.5,4,4,0,23,30,76.7,127.2,124,1,0,16,2,14,3,1,3,28,5,17,0,0,0,0,0
453,21,DROUGHT,195,118,53,79,53,103,3,12,36.0,30.8,0,96,0,86,0,44,29,3,3,0,3,29,51,56.9,3,46,6.5,3,22,13.6,4,4,0,23,30,76.7,126.2,123,4,0,16,2,14,3,1,3,28,5,17,0,0,0,0,0
454,22,DROUGHT,195,118,53,79,53,103,3,12,34.2,30.4,0,84,1,87,0,38,29,6,3,0,1,29,51,56.9,6,46,13.0,3,22,13.6,4,4,0,23,30,76.7,126.2,123,4,0,16,2,14,3,1,3,28,5,17,0,0,0,0,0
455,23,DROUGHT,195,118,53,79,53,103,3,12,32.4,29.8,0,88,0,88,0,36,27,6,3,0,1,27,51,52.9,6,46,13.0,3,22,13.6,4,4,0,23,30,76.7,126.2,123,4,0,16,2,14,3,1,3,28,5,17,0,0,0,0,0
456,0,DROUGHT,201,123,53,84,53,108,3,12,30.5,29.0,0,88,0,89,0,33,27,4,1,0,3,27,51,52.9,4,46,8.7,1,22,4.5,4,4,0,23,30,76.7,126.2,123,4,1,17,2,14,3,1,3,28,5,17,5,0,0,0,0
457,1,DROUGHT,201,123,53,84,53,108,3,12,29.4,29.2,0,92,0,90,0,38,23,4,1,0,7,23,51,45.1,4,46,8.7,1,22,4.5,4,4,0,23,30,76.7,126.2,123,4,1,17,2,14,3,1,3,28,5,17,0,0,0,0,0
458,2,DROUGHT,201,123,53,84,53,108,3,12,28.9,29.6,0,96,0,91,0,44,25,3,0,0,6,25,51,49.0,3,46,6.5,0,22,0.0,4,4,0,23,30,76.7,126.2,123,4,1,17,2,14,3,1,3,28,5,17,0,0,0,0,0
459,3,DROUGHT,201,123,53,84,53,108,3,12,28.6,30.0,0,80,0,85,0,43,21,2,0,0,2,21,51,41.2,2,46,4.3,0,22,0.0,4,4,0,23,30,76.7,126.2,123,4,1,17,2,14,3,1,3,28,5,17,0,0,0,0,0
460,4,DROUGHT,201,123,53,84,53,108,3,12,28.7,30.6,0,84,1,86,0,48,20,4,0,0,1,20,51,39.2,4,46,8.7,0,22,0.0,4,4,0,23,30,76.7,126.2,123,4,1,17,2,14,3,1,3,28,5,17,0,0,0,0,0
461,5,DROUGHT,201,123,53,84,53,108,3,12,28.9,30.8,0,88,0,87,0,48,22,5,0,0,2,22,51,43.1,5,46,10.9,0,22,0.0,4,4,0,23,30,76.7,126.2,123,4,1,17,2,14,3,1,3,28,5,17,0,0,0,0,0
462,6,DROUGHT,201,123,53,84,53,108,3,12,28.8,30.8,0,92,0,88,0,5,20,5,0,0,17,20,51,39.2,5,46,10.9,0,22,0.0,4,4,0,23,30,76.7,126.2,123,4,1,17,2,14,3,1,3,28,5,17,0,0,0,0,0
463,7,DROUGHT,201,123,53,84,53,108,3,12,29.4,31.0,0,96,0,89,0,5,16,7,0,1,17,16,51,31.4,7,46,15.2,0,22,0.0,4,4,0,23,30,76.7,126.2,123,4,1,17,2,14,3,1,3,28,5,17,0,0,0,0,0
464,8,DROUGHT,201,122,54,84,54,107,3,12,30.2,31.0,0,92,0,85,0,4,14,5,0,1,5,14,51,27.5,5,46,10.9,0,22,0.0,4,4,0,23,30,76.7,126.2,123,4,1,17,2,14,3,1,3,29,5,17,0,1,0,0,0
465,9,DROUGHT,201,122,54,84,54,107,3,12,31.5,31.0,0,92,0,86,0,3,23,7,0,1,8,23,51,45.1,7,46,15.2,0,22,0.0,4,4,0,23,30,76.7,126.2,123,4,1,17,2,14,3,1,3,29,5,17,0,0,0,0,0
466,10,DROUGHT,201,122,54,84,54,107,3,12,30.8,31.0,0,96,0,87,0,3,21,7,0,0,3,21,51,41.2,7,46,15.2,0,22,0.0,4,4,0,23,30,76.7,125.0,121,4,1,17,2,14,3,1,3,29,5,17,0,0,0,0,0
467,11,DROUGHT,201,121,55,84,55,106,3,12,30.4,30.7,0,84,0,88,0,2,20,9,0,0,1,20,51,39.2,9,46,19.6,0,22,0.0,4,4,0,23,30,76.7,124.5,121,4,1,17,2,14,3,1,3,30,5,17,0,1,0,0,0
468,12,DROUGHT,202,121,55,84,55,106,3,12,31.0,29.9,0,88,0,85,0,3,14,10,0,0,2,14,51,27.5,10,46,21.7,0,22,0.0,4,4,0,23,30,76.7,124.5,121,4,2,18,2,14,3,2,4,30,5,17,0,0,0,0,0
469,13,DROUGHT,202,121,55,84,55,106,3,12,32.2,29.1,0,92,0,77,0,5,18,9,0,0,3,18,51,35.3,9,46,19.6,0,22,0.0,4,4,0,23,30,76.7,124.5,121,4,2,18,2,14,3,2,4,30,5,17,0,0,0,0,0
470,14,DROUGHT,202,121,55,84,55,106,3,12,33.0,29.0,0,96,0,78,0,6,15,3,0,0,3,15,51,29.4,3,46,6.5,0,22,0.0,4,4,0,23,30,76.7,124.5,121,4,2,18,2,14,3,2,4,30,5,17,0,0,0,0,0
471,15,DROUGHT,202,120,56,84,56,105,3,12,33.3,29.7,0,80,0,79,0,7,17,3,0,0,2,17,51,33.3,3,46,6.5,0,22,0.0,4,4,0,23,30,76.7,124.5,121,4,2,18,2,14,3,2,4,31,5,17,0,1,0,0,0
472,16,DROUGHT,202,120,56,84,56,105,3,12,34.9,30.4,0,84,0,80,0,7,13,2,0,0,1,13,51,25.5,2,46,4.3,0,22,0.0,4,4,0,23,30,76.7,124.5,121,4,2,18,2,14,3,2,4,31,5,17,0,0,0,0,0
473,17,DROUGHT,202,120,56,84,56,105,3,12,36.1,30.9,0,88,0,81,0,7,19,2,0,1,8,19,51,37.3,2,46,4.3,0,22,0.0,4,4,0,23,30,76.7,124.5,121,4,2,18,2,14,3,2,4,31,5,17,0,0,0,0,0
474,18,DROUGHT,202,120,56,84,56,105,3,12,36.4,31.5,0,92,1,82,0,37,20,4,0,1,0,20,51,39.2,4,46,8.7,0,22,0.0,4,4,0,23,30,76.7,124.5,121,4,2,18,2,14,3,2,4,31,5,17,0,0,0,0,0
475,19,DROUGHT,202,119,57,84,57,104,3,12,36.3,31.1,0,96,0,83,0,30,22,5,0,0,2,22,51,43.1,5,46,10.9,0,22,0.0,4,4,0,23,30,76.7,124.5,121,4,2,18,2,14,3,2,4,31,5,18,0,1,0,0,0
476,20,DROUGHT,202,118,58,84,58,103,3,12,35.5,31.3,0,88,0,84,0,29,25,3,1,0,1,25,51,49.0,3,46,6.5,1,22,4.5,4,4,0,23,30,76.7,124.5,121,4,1,18,2,15,3,2,4,32,5,18,0,1,0,1,0
477,21,DROUGHT,202,118,58,84,58,103,3,12,34.3,31.4,0,92,1,85,0,34,22,4,1,0,1,22,51,43.1,4,46,8.7,1,22,4.5,4,4,0,23,30,76.7,124.5,121,4,1,18,2,15,3,2,4,32,5,18,0,0,0,0,0
478,22,DROUGHT,202,118,58,84,58,103,3,12,34.1,31.8,0,96,0,86,0,36,25,4,1,0,1,25,51,49.0,4,46,8.7,1,22,4.5,4,4,0,23,30,76.7,124.5,121,4,1,18,2,15,3,2,4,32,5,18,0,0,0,0,0
479,23,DROUGHT,202,118,58,84,58,103,3,12,33.2,31.7,0,92,0,87,0,33,24,5,1,0,3,24,51,47.1,5,46,10.9,1,22,4.5,4,4,0,23,30,76.7,124.5,121,4,0,18,2,16,3,2,4,32,5,18,0,0,0,1,0
480,0,DROUGHT,208,123,58,89,58,108,3,12,31.4,30.8,0,96,0,88,0,30,28,4,1,0,7,28,51,54.9,4,46,8.7,1,22,4.5,4,4,0,23,30,76.7,122.5,119,4,1,19,2,16,3,2,4,32,5,18,5,0,0,0,0
481,1,DROUGHT,208,123,58,89,58,108,3,12,29.9,31.1,0,80,0,89,0,35,29,2,0,0,7,29,51,56.9,2,46,4.3,0,22,0.0,4,4,0,23,30,76.7,122.5,119,4,1,19,2,16,3,2,4,32,5,18,0,0,0,0,0
482,2,DROUGHT,208,123,58,89,58,108,3,12,28.0,31.9,0,84,0,90,0,34,25,2,0,0,9,25,51,49.0,2,46,4.3,0,22,0.0,4,4,0,23,30,76.7,122.5,119,4,1,19,2,16,3,2,4,32,5,18,0,0,0,0,0
483,3,DROUGHT,208,123,58,89,58,108,3,12,27.4,32.5,0,88,1,91,0,40,19,6,0,0,5,19,51,37.3,6,46,13.0,0,22,0.0,4,4,0,23,30,76.7,122.5,119,4,1,19,2,16,3,2,4,32,5,18,0,0,0,0,0
484,4,DROUGHT,208,123,58,89,58,108,3,12,27.9,32.2,0,92,2,92,0,39,19,7,0,0,3,19,51,37.3,7,46,15.2,0,22,0.0,4,4,0,23,30,76.7,122.5,119,4,1,19,2,16,3,2,4,32,5,18,0,0,0,0,0
485,5,DROUGHT,208,123,58,89,58,108,3,12,28.6,32.0,0,96,0,93,0,40,17,9,0,0,4,17,51,33.3,9,46,19.6,0,22,0.0,4,4,0,23,30,76.7,122.5,119,4,1,19,2,16,3,2,4,32,5,18,0,0,0,0,0
486,6,DROUGHT,208,123,58,89,58,108,3,12,29.3,31.8,0,88,0,94,0,2,18,8,1,1,19,18,51,35.3,8,46,17.4,1,22,4.5,4,4,0,23,30,76.7,122.5,119,4,1,19,2,16,3,2,4,32,5,18,0,0,0,0,0
487,7,DROUGHT,208,123,58,89,58,108,3,12,30.4,31.1,0,92,0,95,0,3,17,8,1,1,14,17,51,33.3,8,46,17.4,1,22,4.5,4,4,0,23,30,76.7,122.5,119,4,1,19,2,16,3,2,4,32,5,18,0,0,0,0,0
488,8,DROUGHT,208,123,58,89,58,108,3,12,30.9,30.7,0,96,0,96,0,3,20,8,1,1,15,20,51,39.2,8,46,17.4,1,22,4.5,4,4,0,23,30,76.7,122.5,119,4,1,19,2,16,3,2,4,32,5,18,0,0,0,0,0
489,9,DROUGHT,208,121,60,89,60,107,3,11,31.5,29.0,0,80,0,97,0,3,21,9,1,0,9,21,51,41.2,9,46,19.6,1,22,4.5,4,4,0,23,30,76.7,122.5,119,4,1,19,2,16,3,2,4,32,5,20,0,2,0,0,0
490,10,DROUGHT,208,121,60,89,60,107,3,11,31.8,28.3,0,84,0,93,0,4,19,7,2,0,8,19,51,37.3,7,46,15.2,2,22,9.1,4,4,0,23,30,76.7,122.5,119,4,1,19,2,16,3,2,4,32,5,20,0,0,0,0,0
491,11,DROUGHT,208,121,60,89,60,107,3,11,32.1,27.8,0,76,0,94,0,4,18,3,2,0,9,18,51,35.3,3,46,6.5,2,22,9.1,4,4,0,23,30,76.7,122.5,119,4,1,19,2,16,3,2,4,32,5,20,0,0,0,0,0
492,12,DROUGHT,208,121,60,89,60,107,3,11,33.3,27.9,0,80,0,95,0,4,15,6,1,0,8,15,51,29.4,6,46,13.0,1,22,4.5,4,4,0,23,30,76.7,122.5,119,4,1,19,2,16,3,2,4,32,5,20,0,0,0,0,0
493,13,DROUGHT,208,121,60,89,60,107,3,11,34.2,27.7,0,84,0,96,0,6,14,6,2,0,9,14,51,27.5,6,46,13.0,2,22,9.1,4,4,0,23,30,76.7,121.0,117,4,0,19,2,17,3,2,4,32,5,20,0,0,0,1,0
494,14,DROUGHT,208,121,60,89,60,107,3,11,35.9,27.0,0,88,0,97,0,4,12,7,2,0,8,12,51,23.5,7,46,15.2,2,22,9.1,4,4,0,23,30,76.7,120.5,117,4,0,19,2,17,3,2,4,32,5,20,0,0,0,0,0
495,15,DROUGHT,208,121,60,89,60,107,3,11,37.8,26.5,0,92,0,72,0,3,14,7,0,0,4,14,51,27.5,7,46,15.2,0,22,0.0,4,4,0,23,30,76.7,120.5,117,4,0,19,2,17,3,2,4,32,5,20,0,0,0,0,0
496,16,DROUGHT,208,121,60,89,60,107,3,11,38.8,26.5,0,96,0,66,0,5,23,5,0,0,6,23,51,45.1,5,46,10.9,0,22,0.0,4,4,0,23,30,76.7,120.5,117,4,0,19,2,17,3,2,4,32,5,20,0,0,0,0,0
497,17,DROUGHT,208,121,60,89,60,107,3,11,38.0,26.7,0,92,0,67,0,3,26,3,0,0,6,26,51,51.0,3,46,6.5,0,22,0.0,4,4,0,23,30,76.7,120.5,117,4,0,19,2,17,3,2,4,32,5,20,0,0,0,0,0
498,18,DROUGHT,208,121,60,89,60,107,3,11,36.9,27.2,0,96,0,68,0,36,28,0,0,0,0,28,51,54.9,0,46,0.0,0,22,0.0,4,4,0,23,30,76.7,120.5,117,4,0,19,2,17,3,2,4,32,5,20,0,0,0,0,0
499,19,DROUGHT,208,121,60,89,60,107,3,11,35.7,28.2,0,96,1,69,0,34,26,0,1,0,2,26,51,51.0,0,46,0.0,1,22,4.5,4,4,0,23,30,76.7,120.5,117,4,0,19,2,17,3,2,4,32,5,20,0,0,0,0,0
500,20,DROUGHT,208,121,60,89,60,107,3,11,34.1,29.0,0,92,2,70,0,41,30,1,1,0,6,30,51,58.8,1,46,2.2,1,22,4.5,4,4,0,23,30,76.7,120.5,117,4,0,19,2,17,3,2,4,32,5,20,0,0,0,0,0
501,21,DROUGHT,208,121,60,89,60,107,3,11,32.6,29.6,0,96,1,71,0,40,24,3,1,0,3,24,51,47.1,3,46,6.5,1,22,4.5,4,4,0,23,30,76.7,120.5,117,4,0,19,2,17,3,2,4,32,5,20,0,0,0,0,0
502,22,DROUGHT,208,121,60,89,60,107,3,11,31.6,30.0,0,92,0,72,0,41,24,3,0,0,4,24,51,47.1,3,46,6.5,0,22,0.0,4,4,0,23,30,76.7,120.5,117,4,0,19,2,17,3,2,4,32,5,20,0,0,0,0,0
503,23,DROUGHT,208,121,60,89,60,107,3,11,31.5,30.3,0,96,1,73,0,40,23,7,0,0,6,23,51,45.1,7,46,15.2,0,22,0.0,4,4,0,23,30,76.7,120.5,117,4,0,19,2,17,3,2,4,32,5,20,0,0,0,0,0
504,0,DROUGHT,212,125,60,93,60,111,3,11,30.8,29.8,0,92,0,74,0,43,23,5,0,0,3,23,51,45.1,5,46,10.9,0,22,0.0,4,4,0,23,30,76.7,120.5,117,4,0,19,2,17,3,2,4,32,5,20,4,0,0,0,0
505,1,DROUGHT,212,125,60,93,60,111,3,11,30.3,30.0,0,88,0,75,0,46,24,4,1,0,2,24,51,47.1,4,46,8.7,1,22,4.5,4,4,0,23,30,76.7,120.5,117,4,0,19,2,17,3,2,4,32,5,20,0,0,0,0,0
506,2,DROUGHT,212,125,60,93,60,111,3,11,29.7,30.5,0,84,0,76,0,42,24,1,3,0,3,24,51,47.1,1,46,2.2,3,22,13.6,4,4,0,23,30,76.7,120.5,117,4,0,19,2,17,3,2,4,32,5,20,0,0,0,0,0
507,3,DROUGHT,212,125,60,93,60,111,3,11,29.4,30.7,0,88,0,77,0,45,21,2,2,0,1,21,51,41.2,2,46,4.3,2,22,9.1,4,4,0,0,30,0.0,119.0,115,4,0,19,2,17,3,2,4,32,5,20,0,0,0,0,0
508,4,DROUGHT,212,125,60,93,60,111,3,11,29.4,30.9,0,72,0,78,0,45,19,4,0,0,6,19,51,37.3,4,46,8.7,0,22,0.0,4,4,0,0,30,0.0,119.0,115,4,0,19,2,17,3,2,4,32,5,20,0,0,0,0,0
509,5,DROUGHT,212,125,60,93,60,111,3,11,30.2,31.2,0,76,0,79,0,48,16,7,0,0,5,16,51,31.4,7,46,15.2,0,22,0.0,4,4,0,0,30,0.0,119.0,115,4,0,19,2,17,3,2,4,32,5,20,0,0,0,0,0
510,6,DROUGHT,212,125,60,93,60,111,3,11,31.0,30.7,0,80,1,80,0,8,17,9,0,0,18,17,51,33.3,9,46,19.6,0,22,0.0,4,4,0,0,30,0.0,119.0,115,4,0,19,2,17,3,2,4,32,5,20,0,0,0,0,0
511,7,DROUGHT,212,125,60,93,60,111,3,11,32.1,30.0,0,84,0,81,0,8,19,8,0,0,9,19,51,37.3,8,46,17.4,0,22,0.0,4,4,0,0,30,0.0,119.0,115,4,0,19,2,17,3,2,4,32,5,20,0,0,0,0,0
512,8,DROUGHT,212,125,60,93,60,111,3,11,32.5,29.5,0,88,0,82,0,8,19,8,0,0,9,19,51,37.3,8,46,17.4,0,22,0.0,4,4,0,0,30,0.0,119.0,115,4,0,19,2,17,3,2,4,32,5,20,0,0,0,0,0
513,9,DROUGHT,212,125,60,93,60,111,3,11,33.2,29.2,0,92,0,83,0,7,19,7,0,0,2,19,51,37.3,7,46,15.2,0,22,0.0,4,4,0,0,30,0.0,119.0,115,4,0,19,2,17,3,2,4,32,5,20,0,0,0,0,0
514,10,DROUGHT,212,125,60,93,60,111,3,11,34.5,28.9,0,96,0,84,0,7,13,7,0,0,2,13,51,25.5,7,46,15.2,0,22,0.0,4,4,0,0,30,0.0,119.0,115,4,0,19,2,17,3,2,4,32,5,20,0,0,0,0,0
515,11,DROUGHT,212,124,61,93,61,110,3,11,35.6,28.5,0,96,0,79,0,6,22,6,0,0,6,22,51,43.1,6,46,13.0,0,22,0.0,4,4,0,0,30,0.0,119.0,115,4,0,19,2,17,3,2,4,33,5,20,0,1,0,0,0
516,12,DROUGHT,212,124,61,93,61,110,3,11,35.3,28.6,0,76,0,80,0,4,25,5,0,0,6,25,51,49.0,5,46,10.9,0,22,0.0,4,4,0,0,30,0.0,119.0,115,4,0,19,2,17,3,2,4,33,5,20,0,0,0,0,0
517,13,DROUGHT,212,124,61,93,61,110,3,11,33.9,28.9,0,76,0,81,0,3,30,3,0,0,2,30,51,58.8,3,46,6.5,0,22,0.0,4,4,0,0,30,0.0,119.0,115,4,0,19,2,17,3,2,4,33,5,20,0,0,0,0,0
518,14,DROUGHT,212,124,61,93,61,110,3,11,32.5,29.4,0,80,0,82,0,3,23,4,0,0,3,23,51,45.1,4,46,8.7,0,22,0.0,4,4,0,0,30,0.0,119.0,115,4,0,19,2,17,3,2,4,33,5,20,0,0,0,0,0
519,15,DROUGHT,212,124,61,93,61,110,3,11,32.2,29.6,0,84,0,83,0,2,18,3,0,0,2,18,51,35.3,3,46,6.5,0,22,0.0,4,4,0,0,30,0.0,119.0,115,4,0,19,2,17,3,2,4,33,5,20,0,0,0,0,0
520,16,DROUGHT,212,124,61,93,61,110,3,11,33.3,30.1,0,88,0,84,0,4,18,6,0,0,0,18,51,35.3,6,46,13.0,0,22,0.0,4,4,0,0,30,0.0,119.0,115,4,0,19,2,17,3,2,4,33,5,20,0,0,0,0,0
521,17,DROUGHT,212,124,61,93,61,110,3,11,33.8,30.1,0,92,0,85,0,4,24,7,0,0,1,24,51,47.1,7,46,15.2,0,22,0.0,4,4,0,0,30,0.0,117.5,113,4,0,19,2,17,3,2,4,33,5,20,0,0,0,0,0
522,18,DROUGHT,212,124,61,93,61,110,3,11,33.2,29.6,0,96,0,86,0,38,26,6,0,0,0,26,51,51.0,6,46,13.0,0,22,0.0,4,4,0,0,30,0.0,117.5,113,4,0,19,2,17,3,2,4,33,5,20,0,0,0,0,0
523,19,DROUGHT,212,124,61,93,61,110,3,11,32.3,29.6,0,88,0,67,0,38,22,5,0,0,0,22,51,43.1,5,46,10.9,0,22,0.0,4,4,0,0,30,0.0,117.5,113,4,0,19,2,17,3,2,4,33,5,20,0,0,0,0,0
524,20,DROUGHT,212,124,61,93,61,110,3,11,32.1,30.1,0,92,0,68,0,40,24,4,0,0,0,24,51,47.1,4,46,8.7,0,22,0.0,4,4,0,0,30,0.0,117.5,113,4,0,19,2,17,3,2,4,33,5,20,0,0,0,0,0
525,21,DROUGHT,212,124,61,93,61,110,3,11,31.6,30.2,0,96,1,69,0,41,20,6,0,0,0,20,51,39.2,6,46,13.0,0,22,0.0,4,4,0,0,30,0.0,117.5,113,4,0,19,2,17,3,2,4,33,5,20,0,0,0,0,0
526,22,DROUGHT,212,124,61,93,61,110,3,11,31.7,30.3,0,92,0,70,0,41,20,7,0,0,1,20,51,39.2,7,46,15.2,0,22,0.0,4,4,0,0,30,0.0,117.5,113,4,0,19,2,17,3,2,4,33,5,20,0,0,0,0,0
527,23,DROUGHT,212,124,61,93,61,110,3,11,32.0,30.2,0,96,0,71,0,41,21,7,0,0,2,21,51,41.2,7,46,15.2,0,22,0.0,4,4,0,0,30,0.0,117.5,113,4,0,19,2,17,3,2,4,33,5,20,0,0,0,0,0
528,0,DROUGHT,217,129,61,98,61,115,3,11,31.4,29.3,0,84,0,72,0,44,19,6,1,0,2,19,51,37.3,6,46,13.0,1,22,4.5,4,4,0,0,30,0.0,117.5,113,4,0,19,2,17,3,2,4,33,5,20,5,0,0,0,0
529,1,DROUGHT,217,129,61,98,61,115,3,11,31.8,29.2,0,88,0,73,0,51,21,5,1,0,1,21,51,41.2,5,46,10.9,1,22,4.5,4,4,0,0,30,0.0,117.5,113,4,0,19,2,17,3,2,4,33,5,20,0,0,0,0,0
530,2,DROUGHT,217,129,61,98,61,115,3,11,32.3,29.3,0,92,0,74,0,48,19,4,0,0,1,19,51,37.3,4,46,8.7,0,22,0.0,4,4,0,0,30,0.0,117.5,113,4,0,19,2,17,3,2,4,33,5,20,0,0,0,0,0
531,3,DROUGHT,217,129,61,98,61,115,3,11,32.7,29.6,0,80,0,75,0,45,26,6,0,0,5,26,51,51.0,6,46,13.0,0,22,0.0,4,4,0,0,30,0.0,117.5,113,4,0,19,2,17,3,2,4,33,5,20,0,0,0,0,0
532,4,DROUGHT,217,129,61,98,61,115,3,11,31.8,29.7,0,84,0,76,0,39,28,6,1,0,3,28,51,54.9,6,46,13.0,1,22,4.5,4,4,0,0,30,0.0,117.5,113,4,0,19,2,17,3,2,4,33,5,20,0,0,0,0,0
533,5,DROUGHT,217,129,61,98,61,115,3,11,31.0,29.3,0,88,0,77,0,41,28,4,1,0,2,28,51,54.9,4,46,8.7,1,22,4.5,4,4,0,0,30,0.0,117.5,113,4,0,19,2,17,3,2,4,33,5,20,0,0,0,0,0
534,6,DROUGHT,217,129,61,98,61,115,3,11,30.6,29.5,0,84,0,78,0,1,19,4,1,0,18,19,51,37.3,4,46,8.7,1,22,4.5,4,4,0,0,30,0.0,126.5,112,4,0,19,2,17,3,2,4,33,5,20,0,0,0,0,0
535,7,DROUGHT,217,129,61,98,61,115,3,11,31.7,29.8,0,88,0,72,0,0,17,7,0,0,7,17,51,33.3,7,46,15.2,0,22,0.0,4,4,0,0,30,0.0,126.2,112,4,0,19,2,17,3,2,4,33,5,20,0,0,0,0,0
536,8,DROUGHT,217,129,61,98,61,115,3,11,32.6,29.6,0,88,0,73,0,1,21,6,0,0,3,21,51,41.2,6,46,13.0,0,22,0.0,4,4,0,0,30,0.0,126.2,112,4,0,19,2,17,3,2,4,33,5,20,0,0,0,0,0
537,9,DROUGHT,217,129,61,98,61,115,3,11,32.9,29.4,0,88,0,74,0,2,21,8,0,0,2,21,51,41.2,8,46,17.4,0,22,0.0,4,4,0,0,30,0.0,126.2,112,4,0,19,2,17,3,2,4,33,5,20,0,0,0,0,0
538,10,DROUGHT,217,129,61,98,61,115,3,11,33.1,29.4,0,92,0,75,0,2,23,4,0,0,3,23,51,45.1,4,46,8.7,0,22,0.0,4,4,0,0,30,0.0,126.2,112,4,0,19,2,17,3,2,4,33,5,20,0,0,0,0,0
539,11,DROUGHT,217,129,61,98,61,115,3,11,32.9,29.7,0,84,0,76,0,2,22,6,0,0,4,22,51,43.1,6,46,13.0,0,22,0.0,4,4,0,0,30,0.0,126.2,112,4,0,19,2,17,3,2,4,33,5,20,0,0,0,0,0
540,12,DROUGHT,217,129,61,98,61,115,3,11,33.2,29.7,0,88,0,77,0,2,20,6,0,0,8,20,51,39.2,6,46,13.0,0,22,0.0,4,4,0,0,30,0.0,126.2,112,4,0,19,2,17,3,1,4,33,5,20,0,0,0,0,0
541,13,DROUGHT,217,129,61,98,61,115,3,11,33.7,29.6,0,92,0,78,0,3,22,6,1,0,10,22,51,43.1,6,46,13.0,1,22,4.5,4,4,0,0,30,0.0,126.2,112,4,0,19,2,17,3,1,4,33,5,20,0,0,0,0,0
542,14,DROUGHT,217,129,61,98,61,115,3,11,33.2,29.7,0,92,0,79,0,3,23,5,2,0,9,23,51,45.1,5,46,10.9,2,22,9.1,4,4,0,0,30,0.0,126.2,112,4,0,19,2,17,3,1,4,33,5,20,0,0,0,0,0
543,15,DROUGHT,217,129,61,98,61,115,3,11,33.2,29.5,0,96,0,80,0,3,20,6,3,0,8,20,51,39.2,6,46,13.0,3,22,13.6,4,4,0,0,30,0.0,126.2,112,4,0,19,2,17,3,1,4,33,5,20,0,0,0,0,0
544,16,DROUGHT,217,128,62,98,62,114,3,11,33.0,29.0,0,91,0,81,0,3,20,8,1,0,7,20,51,39.2,8,46,17.4,1,22,4.5,4,4,0,0,30,0.0,126.2,112,4,0,19,2,17,3,1,4,34,5,20,0,1,0,0,0
545,17,DROUGHT,217,128,62,98,62,114,3,11,33.4,28.6,0,85,0,82,0,5,18,8,1,1,13,18,51,35.3,8,46,17.4,1,22,4.5,4,4,0,0,30,0.0,126.2,112,4,0,19,2,17,3,1,4,34,5,20,0,0,0,0,0
546,18,DROUGHT,217,128,62,98,62,114,3,11,34.3,28.2,0,88,0,83,0,43,18,8,2,1,0,18,51,35.3,8,46,17.4,2,22,9.1,4,4,0,0,30,0.0,126.2,112,4,0,19,2,17,3,1,4,34,5,20,0,0,0,0,0
547,19,DROUGHT,217,128,62,98,62,114,3,11,35.0,27.5,0,92,0,84,0,43,24,7,2,1,0,24,51,47.1,7,46,15.2,2,22,9.1,4,4,0,0,30,0.0,126.2,112,4,0,19,2,17,3,1,4,34,5,20,0,0,0,0,0
548,20,DROUGHT,217,128,62,98,62,114,3,11,34.2,27.1,0,96,0,85,0,45,27,5,2,1,1,27,51,52.9,5,46,10.9,2,22,9.1,4,4,0,5,30,16.7,145.5,113,3,0,19,2,17,3,1,4,34,5,20,0,0,0,0,0
549,21,DROUGHT,217,128,62,98,62,114,3,11,33.3,27.4,0,92,0,86,0,41,25,6,0,0,1,25,51,49.0,6,46,13.0,0,22,0.0,4,4,0,5,30,16.7,145.5,113,3,0,19,2,17,3,1,4,34,5,20,0,0,0,0,0
550,22,DROUGHT,217,128,62,98,62,114,3,11,33.1,27.3,0,96,0,87,0,46,22,8,0,0,2,22,51,43.1,8,46,17.4,0,22,0.0,4,4,0,5,30,16.7,145.5,113,3,0,19,2,17,3,1,4,34,5,20,0,0,0,0,0
551,23,DROUGHT,217,128,62,98,62,114,3,11,33.1,26.8,0,96,0,88,0,47,20,7,0,0,2,20,51,39.2,7,46,15.2,0,22,0.0,4,4,0,5,30,16.7,145.5,113,3,0,19,2,17,3,1,4,34,5,20,0,0,0,0,0
552,0,DROUGHT,222,133,62,103,62,119,3,11,33.0,26.7,0,88,0,89,0,43,20,4,0,0,2,20,51,39.2,4,46,8.7,0,22,0.0,4,4,0,5,30,16.7,145.5,113,3,0,19,2,17,3,0,4,34,5,20,5,0,0,0,0
553,1,DROUGHT,222,133,62,103,62,119,3,11,33.5,27.1,0,92,0,90,0,52,26,2,0,1,3,26,51,51.0,2,46,4.3,0,22,0.0,4,4,0,5,30,16.7,145.5,113,3,0,19,2,17,3,0,4,34,5,20,0,0,0,0,0
554,2,DROUGHT,222,133,62,103,62,119,3,11,32.4,27.7,0,88,1,91,0,52,25,4,1,1,3,25,51,49.0,4,46,8.7,1,22,4.5,4,4,0,5,30,16.7,145.5,113,3,0,19,2,17,3,0,4,34,5,20,0,0,0,0,0
555,3,DROUGHT,222,132,63,103,63,118,3,11,32.0,27.5,0,92,0,92,0,45,25,3,1,0,5,25,51,49.0,3,46,6.5,1,22,4.5,4,4,0,5,30,16.7,145.5,113,3,0,19,2,17,3,0,4,34,5,21,0,1,0,0,0
556,4,DROUGHT,222,132,63,103,63,118,3,11,32.4,27.7,0,96,1,93,0,46,22,3,1,0,6,22,51,43.1,3,46,6.5,1,22,4.5,4,4,0,5,30,16.7,145.5,113,3,0,19,2,17,3,0,4,34,5,21,0,0,0,0,0
557,5,DROUGHT,222,132,63,103,63,118,3,11,32.2,28.4,0,96,0,94,0,42,32,1,0,0,7,32,51,62.7,1,46,2.2,0,22,0.0,4,4,0,5,30,16.7,145.5,113,3,0,19,2,17,3,0,4,34,5,21,0,0,0,0,0
558,6,DROUGHT,222,132,63,103,63,118,3,11,30.5,29.3,0,96,0,95,0,5,33,1,2,0,24,33,51,64.7,1,46,2.2,2,22,9.1,4,4,0,5,30,16.7,145.5,113,3,0,19,2,17,3,0,4,34,5,21,0,0,0,0,0
559,7,DROUGHT,222,131,64,103,64,118,3,10,28.6,29.4,0,96,0,96,0,4,31,3,3,0,23,31,51,60.8,3,46,6.5,3,22,13.6,4,4,0,5,30,16.7,145.5,113,3,0,19,2,17,3,0,4,34,5,22,0,1,0,0,0
560,8,DROUGHT,222,130,65,103,65,117,3,10,27.8,28.3,0,88,0,74,0,4,23,5,2,0,13,23,51,45.1,5,46,10.9,2,22,9.1,4,4,0,5,30,16.7,145.5,113,3,0,19,2,17,3,0,4,34,5,23,0,1,0,0,0
561,9,DROUGHT,222,130,65,103,65,117,3,10,28.0,28.3,0,92,0,75,0,5,18,8,1,0,9,18,51,35.3,8,46,17.4,1,22,4.5,4,4,0,5,30,16.7,145.5,113,3,0,19,2,17,3,0,4,34,5,23,0,0,0,0,0
562,10,DROUGHT,222,130,65,103,65,117,3,10,29.0,27.8,0,96,0,76,0,7,17,9,0,0,13,17,51,33.3,9,46,19.6,0,22,0.0,4,4,0,15,30,50.0,157.5,153,1,0,19,2,17,3,0,4,34,5,23,0,0,0,0,0
563,11,DROUGHT,222,130,65,103,65,117,3,10,30.0,27.3,0,92,0,77,0,7,19,6,0,0,2,19,51,37.3,6,46,13.0,0,22,0.0,4,4,0,15,30,50.0,157.5,153,1,0,19,2,17,3,0,4,34,5,23,0,0,0,0,0
564,12,DROUGHT,223,130,65,103,65,117,3,10,30.7,27.4,0,76,0,78,0,6,19,3,0,0,8,19,51,37.3,3,46,6.5,0,22,0.0,4,4,0,15,30,50.0,157.5,153,1,1,20,2,17,3,0,4,34,5,23,0,0,0,0,0
565,13,DROUGHT,223,130,65,103,65,117,3,10,31.1,28.1,0,80,0,72,0,6,20,2,0,0,9,20,51,39.2,2,46,4.3,0,22,0.0,4,4,0,15,30,50.0,157.5,153,1,1,20,2,17,3,0,4,34,5,23,0,0,0,0,0
566,14,DROUGHT,223,130,65,103,65,117,3,10,31.8,28.7,0,84,1,73,0,6,18,4,0,0,5,18,51,35.3,4,46,8.7,0,22,0.0,4,4,0,15,30,50.0,157.5,153,1,1,20,2,17,3,0,4,34,5,23,0,0,0,0,0
567,15,DROUGHT,223,130,65,103,65,117,3,10,32.8,28.9,0,76,2,74,0,5,17,4,0,0,7,17,51,33.3,4,46,8.7,0,22,0.0,4,4,0,15,30,50.0,157.5,153,1,1,20,2,17,3,0,4,34,5,23,0,0,0,0,0
568,16,DROUGHT,223,130,65,103,65,117,3,10,33.8,29.4,0,80,0,75,0,3,20,4,0,0,12,20,51,39.2,4,46,8.7,0,22,0.0,4,4,0,15,30,50.0,157.5,153,1,1,20,2,17,3,0,4,34,5,23,0,0,0,0,0
569,17,DROUGHT,223,130,65,103,65,117,3,10,34.0,29.8,0,84,0,76,0,3,23,5,0,0,6,23,51,45.1,5,46,10.9,0,22,0.0,4,4,0,15,30,50.0,157.5,153,1,1,20,2,17,3,0,4,34,5,23,0,0,0,0,0
570,18,DROUGHT,223,130,65,103,65,117,3,10,33.9,29.8,0,88,0,77,0,47,19,4,0,0,6,19,51,37.3,4,46,8.7,0,22,0.0,4,4,0,15,30,50.0,157.5,153,1,1,20,2,17,3,0,4,34,5,23,0,0,0,0,0
571,19,DROUGHT,223,130,65,103,65,117,3,10,34.8,30.4,0,92,0,78,0,45,19,2,0,0,8,19,51,37.3,2,46,4.3,0,22,0.0,4,4,0,15,30,50.0,157.5,153,1,1,20,2,17,3,0,4,34,5,23,0,0,0,0,0
572,20,DROUGHT,223,130,65,103,65,117,3,10,35.4,31.1,0,96,0,79,0,42,22,3,0,0,12,22,51,43.1,3,46,6.5,0,22,0.0,4,4,0,15,30,50.0,157.5,153,1,1,20,2,17,3,0,4,34,5,23,0,0,0,0,0
573,21,DROUGHT,223,130,65,103,65,117,3,10,35.4,31.5,0,92,1,80,0,36,25,5,0,0,7,25,51,49.0,5,46,10.9,0,22,0.0,4,4,0,15,30,50.0,157.5,153,1,1,20,2,17,3,0,4,34,5,23,0,0,0,0,0
574,22,DROUGHT,223,130,65,103,65,117,3,10,34.7,31.7,0,92,0,81,0,36,33,2,0,0,8,33,51,64.7,2,46,4.3,0,22,0.0,4,4,0,15,30,50.0,157.5,153,1,1,20,2,17,3,0,4,34,5,23,0,0,0,0,0
575,23,DROUGHT,223,130,65,103,65,117,3,10,32.6,32.3,0,84,1,82,0,38,32,2,0,0,4,32,51,62.7,2,46,4.3,0,22,0.0,4,4,0,22,30,73.3,158.0,156,0,1,20,2,17,3,0,4,34,5,23,0,0,0,0,0
576,0,DROUGHT,228,135,65,108,65,122,3,10,30.0,32.9,0,88,0,83,0,37,35,4,0,0,5,35,51,68.6,4,46,8.7,0,22,0.0,4,4,0,22,30,73.3,158.0,156,0,1,20,2,17,3,0,4,34,5,23,5,0,0,0,0
577,1,DROUGHT,228,135,65,108,65,122,3,10,28.3,33.1,0,92,1,84,0,43,24,5,0,0,6,24,51,47.1,5,46,10.9,0,22,0.0,4,4,0,22,30,73.3,158.0,156,0,1,20,2,17,3,0,4,34,5,23,0,0,0,0,0
578,2,DROUGHT,228,135,65,108,65,122,3,10,28.4,33.2,0,96,0,85,0,43,22,4,1,0,7,22,51,43.1,4,46,8.7,1,22,4.5,4,4,0,22,30,73.3,158.0,156,0,1,20,2,17,3,0,4,34,5,23,0,0,0,0,0
579,3,DROUGHT,228,135,65,108,65,122,3,10,28.8,33.6,0,84,0,86,0,45,21,1,1,0,5,21,51,41.2,1,46,2.2,1,22,4.5,4,4,0,22,30,73.3,158.0,156,0,1,20,2,17,3,0,4,34,5,23,0,0,0,0,0
580,4,DROUGHT,228,135,65,108,65,122,3,10,29.4,34.4,0,88,0,87,0,47,24,0,0,0,3,24,51,47.1,0,46,0.0,0,22,0.0,4,4,0,22,30,73.3,158.0,156,0,1,20,2,17,3,0,4,34,5,23,0,0,0,0,0
581,5,DROUGHT,228,135,65,108,65,122,3,10,29.2,35.4,0,92,1,88,0,48,22,1,0,0,7,22,51,43.1,1,46,2.2,0,22,0.0,4,4,0,22,30,73.3,158.0,156,0,1,20,2,17,3,0,4,34,5,23,0,0,0,0,0
582,6,DROUGHT,228,135,65,108,65,122,3,10,29.7,36.2,0,92,2,89,0,6,21,4,0,0,13,21,51,41.2,4,46,8.7,0,22,0.0,4,4,0,22,30,73.3,158.0,156,0,1,20,2,17,3,0,4,34,5,23,0,0,0,0,0
583,7,DROUGHT,228,135,65,108,65,122,3,10,30.5,36.4,0,96,3,90,0,4,20,6,1,0,4,20,51,39.2,6,46,13.0,1,22,4.5,4,4,0,22,30,73.3,158.0,156,0,1,20,2,17,3,0,4,34,5,23,0,0,0,0,0
584,8,DROUGHT,228,134,66,108,66,121,3,10,30.4,36.0,0,96,0,91,0,3,19,6,1,0,5,19,51,37.3,6,46,13.0,1,22,4.5,4,4,0,22,30,73.3,158.0,156,0,1,20,2,17,3,0,4,35,5,23,0,1,0,0,0
585,9,DROUGHT,228,134,66,108,66,121,3,10,30.9,35.9,0,92,0,92,0,2,18,8,0,0,1,18,51,35.3,8,46,17.4,0,22,0.0,4,4,0,22,30,73.3,158.0,156,0,1,20,2,17,3,0,4,35,5,23,0,0,0,0,0
586,10,DROUGHT,228,134,66,108,66,121,3,10,32.2,35.4,0,96,0,93,0,3,15,9,0,0,2,15,51,29.4,9,46,19.6,0,22,0.0,4,4,0,22,30,73.3,158.0,156,0,1,20,2,17,3,0,4,35,5,23,0,0,0,0,0
587,11,DROUGHT,228,134,66,108,66,121,3,10,33.3,34.9,0,88,0,94,0,3,18,11,0,0,8,18,51,35.3,11,46,23.9,0,22,0.0,4,4,0,22,30,73.3,158.0,156,0,1,20,2,17,3,0,4,35,5,23,0,0,0,0,0
588,12,DROUGHT,228,134,66,108,66,121,3,10,34.3,34.4,0,92,0,95,0,1,21,10,0,0,8,21,51,41.2,10,46,21.7,0,22,0.0,4,4,0,22,30,73.3,158.0,156,0,1,20,2,17,3,0,4,35,5,23,0,0,0,0,0
589,13,DROUGHT,228,134,66,108,66,121,3,10,34.7,33.8,0,80,0,96,0,3,24,12,0,0,5,24,51,47.1,12,46,26.1,0,22,0.0,4,4,0,15,30,50.0,156.2,154,0,1,20,2,17,3,0,4,35,5,23,0,0,0,0,0
590,14,DROUGHT,228,134,66,108,66,121,3,10,34.3,33.0,0,84,0,97,0,3,22,10,0,0,5,22,51,43.1,10,46,21.7,0,22,0.0,4,4,0,15,30,50.0,156.2,154,0,1,20,2,17,3,0,4,35,5,23,0,0,0,0,0
591,15,DROUGHT,228,134,66,108,66,121,3,10,34.8,32.2,0,88,0,98,0,4,20,12,0,0,2,20,51,39.2,12,46,26.1,0,22,0.0,4,4,0,15,30,50.0,156.2,154,0,1,20,2,17,3,0,4,35,5,23,0,0,0,0,0
592,16,DROUGHT,228,134,66,108,66,121,3,10,35.5,31.6,0,92,0,99,0,4,16,9,0,0,4,16,51,31.4,9,46,19.6,0,22,0.0,4,4,0,15,30,50.0,156.2,154,0,1,20,2,17,3,0,4,35,5,23,0,0,0,0,0
593,17,DROUGHT,228,133,67,108,67,120,3,10,36.8,30.5,0,96,0,81,0,4,20,9,0,0,4,20,51,39.2,9,46,19.6,0,22,0.0,4,4,0,15,30,50.0,156.2,154,0,1,20,2,17,3,0,4,35,6,23,0,1,0,0,0
594,18,DROUGHT,228,132,68,108,68,119,3,10,37.0,30.1,0,92,0,82,0,27,19,8,1,0,1,19,51,37.3,8,46,17.4,1,22,4.5,4,4,0,15,30,50.0,156.2,154,0,1,20,2,17,3,0,4,36,6,23,0,1,0,0,0
595,19,DROUGHT,228,132,68,108,68,119,3,10,37.4,29.8,0,92,0,83,0,31,27,5,1,0,2,27,51,52.9,5,46,10.9,1,22,4.5,4,4,0,15,30,50.0,156.2,154,0,1,20,2,17,3,0,4,36,6,23,0,0,0,0,0
596,20,DROUGHT,228,132,68,108,68,119,3,10,36.7,30.0,0,96,0,84,0,26,24,4,0,0,0,24,51,47.1,4,46,8.7,0,22,0.0,4,4,0,15,30,50.0,156.2,154,0,1,20,2,17,3,0,4,36,6,23,0,0,0,0,0
597,21,DROUGHT,228,132,68,108,68,119,3,10,36.1,30.5,0,96,0,85,0,27,27,7,0,0,1,27,51,52.9,7,46,15.2,0,22,0.0,4,4,0,15,30,50.0,156.2,154,0,1,20,2,17,3,0,4,36,6,23,0,0,0,0,0
598,22,DROUGHT,228,132,68,108,68,119,3,10,35.5,30.2,0,94,0,86,0,28,26,9,1,0,0,26,51,51.0,9,46,19.6,1,22,4.5,4,4,0,15,30,50.0,156.2,154,0,1,20,2,17,3,0,4,36,6,23,0,0,0,0,0
599,23,DROUGHT,228,132,68,108,68,119,3,10,35.1,29.3,0,98,0,87,0,30,23,9,3,0,2,23,51,45.1,9,46,19.6,3,22,13.6,4,4,0,15,30,50.0,156.2,154,0,1,20,2,17,3,0,4,36,6,23,0,0,0,0,0
600,0,DROUGHT,233,135,70,113,70,121,3,11,33.2,27.8,0,92,0,88,0,33,21,6,2,0,1,21,51,41.2,6,46,13.0,2,22,9.1,4,4,0,15,30,50.0,156.2,154,0,1,20,2,17,3,0,4,38,6,23,5,2,0,0,0
601,1,DROUGHT,233,135,70,113,70,121,3,11,34.0,27.5,0,96,0,89,0,39,21,8,1,0,2,21,51,41.2,8,46,17.4,1,22,4.5,4,4,0,15,30,50.0,156.2,154,0,1,20,2,17,3,0,4,38,6,23,0,0,0,0,0
602,2,DROUGHT,233,135,70,113,70,121,3,11,34.3,27.1,0,96,0,90,0,41,21,8,0,0,1,21,51,41.2,8,46,17.4,0,22,0.0,4,4,0,7,30,23.3,155.2,152,0,1,20,2,17,3,0,4,38,6,23,0,0,0,0,0
603,3,DROUGHT,233,135,70,113,70,121,3,11,34.5,26.8,0,88,0,91,0,42,22,9,0,0,0,22,51,43.1,9,46,19.6,0,22,0.0,4,4,0,0,30,0.0,155.0,152,0,1,20,2,17,3,0,4,38,6,23,0,0,0,0,0
604,4,DROUGHT,233,135,70,113,70,121,3,11,34.3,26.4,0,88,0,88,0,43,29,10,0,0,1,29,51,56.9,10,46,21.7,0,22,0.0,4,4,0,0,30,0.0,155.0,152,0,1,20,2,17,3,0,4,38,6,23,0,0,0,0,0
605,5,DROUGHT,233,135,70,113,70,121,3,11,33.1,25.8,0,88,0,89,0,38,28,10,0,0,2,28,51,54.9,10,46,21.7,0,22,0.0,4,4,0,0,30,0.0,155.0,152,0,0,20,2,18,3,0,4,38,6,23,0,0,0,1,0
606,6,DROUGHT,233,135,70,113,70,121,3,11,32.1,25.0,0,80,0,88,0,2,25,10,1,0,24,25,51,49.0,10,46,21.7,1,22,4.5,4,4,0,0,30,0.0,155.0,152,0,0,20,2,18,3,0,4,38,6,23,0,0,0,0,0
607,7,DROUGHT,233,135,70,113,70,121,3,11,32.2,24.5,0,84,0,89,0,3,19,11,1,0,19,19,51,37.3,11,46,23.9,1,22,4.5,4,4,0,0,30,0.0,155.0,152,0,0,20,2,18,3,0,4,38,6,23,0,0,0,0,0
608,8,DROUGHT,233,135,70,113,70,121,3,11,32.8,23.5,0,88,0,83,0,3,17,11,0,0,10,17,51,33.3,11,46,23.9,0,22,0.0,4,4,0,0,30,0.0,155.0,152,0,0,20,2,18,3,0,4,38,6,23,0,0,0,0,0
609,9,DROUGHT,233,135,70,113,70,121,3,11,34.0,22.7,0,92,0,84,0,3,15,8,0,0,15,15,51,29.4,8,46,17.4,0,22,0.0,4,4,0,0,30,0.0,155.0,152,0,0,20,2,18,3,0,4,38,6,23,0,0,0,0,0
610,10,DROUGHT,233,135,70,113,70,121,3,11,35.1,22.7,0,96,0,85,0,2,18,4,1,0,15,18,51,35.3,4,46,8.7,1,22,4.5,4,4,0,0,30,0.0,155.0,152,0,0,20,2,18,3,0,4,38,6,23,0,0,0,0,0
611,11,DROUGHT,233,135,70,113,70,121,3,11,35.9,23.1,0,88,0,86,0,3,19,2,2,0,6,19,51,37.3,2,46,4.3,2,22,9.1,4,4,0,0,30,0.0,155.0,152,0,0,20,2,18,3,0,4,38,6,23,0,0,0,0,0
612,12,DROUGHT,234,135,70,113,70,121,3,11,36.6,23.5,0,92,0,87,0,4,25,1,2,0,3,25,51,49.0,1,46,2.2,2,22,9.1,4,4,0,0,30,0.0,155.0,152,0,1,21,2,18,3,0,4,38,6,23,0,0,0,0,0
613,13,DROUGHT,234,135,70,113,70,121,3,11,35.9,23.9,0,92,0,88,0,4,25,0,1,0,4,25,51,49.0,0,46,0.0,1,22,4.5,4,4,0,0,30,0.0,155.0,152,0,1,21,2,18,3,0,4,38,6,23,0,0,0,0,0
614,14,DROUGHT,234,135,70,113,70,121,3,11,35.5,24.7,0,96,0,89,0,6,22,1,0,0,5,22,51,43.1,1,46,2.2,0,22,0.0,4,4,0,0,30,0.0,155.0,152,0,1,21,2,18,3,0,4,38,6,23,0,0,0,0,0
615,15,DROUGHT,234,135,70,113,70,121,3,11,36.0,25.5,0,92,1,90,0,8,18,4,0,0,0,18,51,35.3,4,46,8.7,0,22,0.0,4,4,0,0,30,0.0,155.0,152,0,1,21,2,18,3,0,4,38,6,23,0,0,0,0,0
616,16,DROUGHT,234,135,70,113,70,121,3,11,37.0,25.8,0,96,2,91,0,7,21,5,0,0,5,21,51,41.2,5,46,10.9,0,22,0.0,4,4,0,20,30,66.7,157.8,151,0,1,21,2,18,3,0,4,38,6,23,0,0,0,0,0
617,17,DROUGHT,234,135,70,113,70,121,3,11,37.0,26.0,0,96,0,92,0,7,25,6,0,0,3,25,51,49.0,6,46,13.0,0,22,0.0,4,4,0,20,30,66.7,157.8,151,0,1,21,2,18,3,0,4,38,6,23,0,0,0,0,0
618,18,DROUGHT,234,135,70,113,70,121,3,11,36.4,26.1,0,92,0,67,0,45,27,4,0,0,1,27,51,52.9,4,46,8.7,0,22,0.0,4,4,0,20,30,66.7,157.8,151,0,1,21,2,18,3,0,4,38,6,23,0,0,0,0,0
619,19,DROUGHT,234,135,70,113,70,121,3,11,35.5,26.5,0,96,0,64,0,44,27,4,0,0,0,27,51,52.9,4,46,8.7,0,22,0.0,4,4,0,20,30,66.7,157.8,151,0,1,21,2,18,3,0,4,38,6,23,0,0,0,0,0
620,20,DROUGHT,234,135,70,113,70,121,3,11,34.8,26.9,0,96,0,65,0,44,27,3,0,0,0,27,51,52.9,3,46,6.5,0,22,0.0,4,4,0,20,30,66.7,157.8,151,0,1,21,2,18,3,0,4,38,6,23,0,0,0,0,0
621,21,DROUGHT,234,135,70,113,70,121,3,11,33.9,27.5,0,96,0,66,0,46,32,3,0,0,2,32,51,62.7,3,46,6.5,0,22,0.0,4,4,0,20,30,66.7,157.8,151,0,1,21,2,18,3,0,4,38,6,23,0,0,0,0,0
622,22,DROUGHT,234,135,70,113,70,121,3,11,32.2,28.1,0,96,0,67,0,52,30,2,0,0,0,30,51,58.8,2,46,4.3,0,22,0.0,4,4,0,20,30,66.7,157.8,151,0,1,21,2,18,3,0,4,38,6,23,0,0,0,0,0
623,23,DROUGHT,234,133,72,113,72,119,3,11,29.4,29.0,0,84,1,68,0,54,31,4,0,0,1,31,51,60.8,4,46,8.7,0,22,0.0,4,4,0,20,30,66.7,157.8,151,0,1,21,2,18,3,0,4,40,6,23,0,2,0,0,0
624,0,DROUGHT,239,138,72,118,72,124,3,11,28.2,29.0,0,88,0,69,0,55,24,3,0,0,0,24,51,47.1,3,46,6.5,0,22,0.0,4,4,0,20,30,66.7,157.8,151,0,1,21,2,18,3,0,4,40,6,23,5,0,0,0,0
625,1,DROUGHT,239,138,72,118,72,124,3,11,28.3,29.5,0,84,1,70,0,67,21,3,0,1,2,21,51,41.2,3,46,6.5,0,22,0.0,4,4,0,20,30,66.7,157.8,151,0,1,21,2,18,3,0,4,40,6,23,0,0,0,0,0
626,2,DROUGHT,239,138,72,118,72,124,3,11,28.7,30.2,0,88,0,71,0,67,18,3,0,1,3,18,51,35.3,3,46,6.5,0,22,0.0,4,4,0,20,30,66.7,157.8,151,0,1,21,2,18,3,0,4,40,6,23,0,0,0,0,0
627,3,DROUGHT,239,138,72,118,72,124,3,11,29.7,30.8,0,92,0,72,0,65,22,2,0,1,0,22,51,43.1,2,46,4.3,0,22,0.0,4,4,0,20,30,66.7,157.8,151,0,1,21,2,18,3,0,4,40,6,23,0,0,0,0,0
628,4,DROUGHT,239,138,72,118,72,124,3,11,30.0,31.4,0,96,0,73,0,63,29,3,0,0,1,29,51,56.9,3,46,6.5,0,22,0.0,4,4,0,20,30,66.7,157.8,151,0,0,21,2,19,3,0,4,40,6,23,0,0,0,1,0
629,5,DROUGHT,239,138,72,118,72,124,3,11,28.6,31.9,0,88,0,74,0,64,29,4,1,0,3,29,51,56.9,4,46,8.7,1,22,4.5,4,4,0,9,30,30.0,159.5,159,0,0,21,2,19,3,0,4,40,6,23,0,0,0,0,0
630,6,DROUGHT,239,138,72,118,72,124,3,11,28.3,32.0,0,92,0,75,0,6,21,5,1,1,30,21,51,41.2,5,46,10.9,1,22,4.5,4,4,0,0,30,0.0,159.2,159,0,0,21,2,19,3,0,4,40,6,23,0,0,0,0,0
631,7,DROUGHT,239,136,74,118,74,123,3,10,29.8,31.0,0,96,0,76,0,5,19,4,0,0,34,19,51,37.3,4,46,8.7,0,22,0.0,4,4,0,0,30,0.0,159.2,159,0,0,21,2,19,3,0,4,40,6,25,0,2,0,0,0
632,8,DROUGHT,239,136,74,118,74,123,3,10,30.3,31.5,0,84,0,77,0,6,18,4,0,1,30,18,51,35.3,4,46,8.7,0,22,0.0,4,4,0,0,30,0.0,159.2,159,0,0,21,2,19,3,0,4,40,6,25,0,0,0,0,0
633,9,DROUGHT,239,135,75,118,75,122,3,10,31.0,31.7,0,88,0,76,0,5,23,5,0,0,14,23,51,45.1,5,46,10.9,0,22,0.0,4,4,0,0,30,0.0,159.2,159,0,0,21,2,19,3,0,4,40,6,26,0,1,0,0,0
634,10,DROUGHT,239,135,75,118,75,122,3,10,31.6,31.7,0,92,1,70,0,6,20,5,0,0,16,20,51,39.2,5,46,10.9,0,22,0.0,4,4,0,0,30,0.0,159.2,159,0,0,21,2,19,3,0,4,40,6,26,0,0,0,0,0
635,11,DROUGHT,239,135,75,118,75,122,3,10,31.8,31.9,0,96,0,71,0,6,25,5,0,0,15,25,51,49.0,5,46,10.9,0,22,0.0,4,4,0,0,30,0.0,159.2,159,0,0,21,2,19,3,0,4,40,6,26,0,0,0,0,0
636,12,DROUGHT,240,134,76,118,76,121,3,10,31.7,32.1,0,96,0,72,0,5,19,5,0,0,3,19,51,37.3,5,46,10.9,0,22,0.0,4,4,0,0,30,0.0,159.2,159,0,1,22,2,19,3,1,5,41,6,26,0,1,0,0,0
637,13,DROUGHT,240,134,76,118,76,121,3,10,32.5,32.3,0,77,0,73,0,3,22,4,0,0,7,22,51,43.1,4,46,8.7,0,22,0.0,4,4,0,0,30,0.0,159.2,159,0,1,22,2,19,3,1,5,41,6,26,0,0,0,0,0
638,14,DROUGHT,240,134,76,118,76,121,3,10,32.6,32.7,0,81,0,74,0,2,21,3,2,0,8,21,51,41.2,3,46,6.5,2,22,9.1,4,4,0,0,30,0.0,159.2,159,0,1,22,2,19,3,1,5,41,6,26,0,0,0,0,0
639,15,DROUGHT,240,134,76,118,76,121,3,10,32.8,32.8,0,85,1,75,0,1,28,3,2,0,10,28,51,54.9,3,46,6.5,2,22,9.1,4,4,0,0,30,0.0,159.2,159,0,1,22,2,19,3,1,5,41,6,26,0,0,0,0,0
640,16,DROUGHT,240,134,76,118,76,121,3,10,32.5,33.0,0,89,0,76,0,1,26,4,2,0,7,26,51,51.0,4,46,8.7,2,22,9.1,4,4,0,0,30,0.0,159.2,159,0,1,22,2,19,3,1,5,41,6,26,0,0,0,0,0
641,17,DROUGHT,240,134,76,118,76,121,3,10,31.8,33.4,0,92,0,77,0,2,25,3,0,0,8,25,51,49.0,3,46,6.5,0,22,0.0,4,4,0,0,30,0.0,159.2,159,0,1,22,2,19,3,1,5,41,6,26,0,0,0,0,0
642,18,DROUGHT,240,134,76,118,76,121,3,10,31.6,33.8,0,80,1,78,0,45,20,4,0,0,1,20,51,39.2,4,46,8.7,0,22,0.0,4,4,0,0,30,0.0,158.5,158,0,1,22,2,19,3,1,5,41,6,26,0,0,0,0,0
643,19,DROUGHT,240,134,76,118,76,121,3,10,32.1,34.3,0,84,0,79,0,41,20,2,0,0,5,20,51,39.2,2,46,4.3,0,22,0.0,4,4,0,0,30,0.0,158.5,158,0,1,22,2,19,3,1,5,41,6,26,0,0,0,0,0
644,20,DROUGHT,240,134,76,118,76,121,3,10,32.3,35.0,0,88,0,80,0,41,20,2,0,0,8,20,51,39.2,2,46,4.3,0,22,0.0,4,4,0,0,30,0.0,158.5,158,0,1,22,2,19,3,1,5,41,6,26,0,0,0,0,0
645,21,DROUGHT,240,134,76,118,76,121,3,10,32.7,35.6,0,92,1,80,0,39,21,5,0,0,5,21,51,41.2,5,46,10.9,0,22,0.0,4,4,0,0,30,0.0,158.5,158,0,1,22,2,19,3,1,5,41,6,26,0,0,0,0,0
646,22,DROUGHT,240,134,76,118,76,121,3,10,33.4,35.6,0,96,2,81,0,37,23,10,0,0,4,23,51,45.1,10,46,21.7,0,22,0.0,4,4,0,0,30,0.0,158.5,158,0,1,22,2,19,3,1,5,41,6,26,0,0,0,0,0
647,23,DROUGHT,240,134,76,118,76,121,3,10,33.3,34.9,0,92,0,82,0,37,27,12,1,0,5,27,51,52.9,12,46,26.1,1,22,4.5,4,4,0,0,30,0.0,158.5,158,0,1,22,2,19,3,1,5,41,6,26,0,0,0,0,0
648,0,DROUGHT,246,139,76,123,76,126,3,10,31.7,33.3,0,76,0,83,0,31,29,8,2,0,5,29,51,56.9,8,46,17.4,2,22,9.1,4,4,0,0,30,0.0,158.5,158,0,2,23,2,19,3,2,6,41,6,26,5,0,0,0,0
649,1,DROUGHT,246,139,76,123,76,126,3,10,31.1,32.6,0,80,0,84,0,34,26,8,1,0,1,26,51,51.0,8,46,17.4,1,22,4.5,4,4,0,0,30,0.0,158.5,158,0,2,23,2,19,3,2,6,41,6,26,0,0,0,0,0
650,2,DROUGHT,246,139,76,123,76,126,3,10,30.9,32.3,0,80,0,85,0,38,23,6,2,0,7,23,51,45.1,6,46,13.0,2,22,9.1,4,4,0,0,30,0.0,158.5,158,0,2,23,2,19,3,2,6,41,6,26,0,0,0,0,0
651,3,DROUGHT,246,139,76,123,76,126,3,10,31.0,32.4,0,84,0,86,0,39,20,5,1,0,11,20,51,39.2,5,46,10.9,1,22,4.5,4,4,0,0,30,0.0,158.5,158,0,2,23,2,19,3,2,6,41,6,26,0,0,0,0,0
652,4,DROUGHT,246,139,76,123,76,126,3,10,31.9,32.5,0,88,0,87,0,35,19,6,0,0,7,19,51,37.3,6,46,13.0,0,22,0.0,4,4,0,0,30,0.0,158.5,158,0,2,23,2,19,3,2,6,41,6,26,0,0,0,0,0
653,5,DROUGHT,246,139,76,123,76,126,3,10,32.9,32.4,0,92,1,88,0,32,22,9,0,0,8,22,51,43.1,9,46,19.6,0,22,0.0,4,4,0,0,30,0.0,158.5,158,0,2,23,2,19,3,2,6,41,6,26,0,0,0,0,0
654,6,DROUGHT,246,139,76,123,76,126,3,10,33.0,32.0,0,84,0,89,0,4,25,7,0,0,17,25,51,49.0,7,46,15.2,0,22,0.0,4,4,0,0,30,0.0,158.5,158,0,2,23,2,19,3,2,6,41,6,26,0,0,0,0,0
655,7,DROUGHT,246,139,76,123,76,126,3,10,32.7,32.2,0,88,0,90,0,3,23,4,0,0,9,23,51,45.1,4,46,8.7,0,22,0.0,4,4,0,0,30,0.0,158.5,158,0,2,23,2,19,3,2,6,41,6,26,0,0,0,0,0
656,8,DROUGHT,246,139,76,123,76,126,3,10,33.1,32.7,0,92,0,91,0,3,18,7,0,0,4,18,51,35.3,7,46,15.2,0,22,0.0,4,4,0,10,30,33.3,157.2,157,0,1,23,2,20,3,2,6,41,6,26,0,0,0,1,0
657,9,DROUGHT,246,139,76,123,76,126,3,10,34.5,32.5,0,96,0,92,0,3,17,8,0,0,5,17,51,33.3,8,46,17.4,0,22,0.0,4,4,0,10,30,33.3,157.2,157,0,1,23,2,20,3,2,6,41,6,26,0,0,0,0,0
658,10,DROUGHT,246,139,76,123,76,126,3,10,35.7,32.3,0,88,0,93,0,3,21,9,0,0,5,21,51,41.2,9,46,19.6,0,22,0.0,4,4,0,10,30,33.3,157.2,157,0,1,23,2,20,3,2,6,41,6,26,0,0,0,0,0
659,11,DROUGHT,246,139,76,123,76,126,3,10,35.8,31.9,0,92,0,94,0,2,25,11,1,0,4,25,51,49.0,11,46,23.9,1,22,4.5,4,4,0,10,30,33.3,157.2,157,0,1,23,2,20,3,2,6,41,6,26,0,0,0,0,0
660,12,DROUGHT,247,139,76,123,76,126,3,10,35.4,30.7,0,92,0,95,0,2,25,12,1,0,5,25,51,49.0,12,46,26.1,1,22,4.5,4,4,0,10,30,33.3,157.2,157,0,2,24,2,20,3,2,6,41,6,26,0,0,0,0,0
661,13,DROUGHT,247,139,76,123,76,126,3,10,35.2,29.9,0,92,0,96,0,2,23,7,1,0,5,23,51,45.1,7,46,15.2,1,22,4.5,4,4,0,10,30,33.3,157.2,157,0,1,24,2,21,3,2,6,41,6,26,0,0,0,1,0
662,14,DROUGHT,247,139,76,123,76,126,3,10,35.7,30.0,0,85,0,97,0,2,21,7,0,0,11,21,51,41.2,7,46,15.2,0,22,0.0,4,4,0,10,30,33.3,157.2,157,0,1,24,2,21,3,2,6,41,6,26,0,0,0,0,0
663,15,DROUGHT,247,139,76,123,76,126,3,10,35.9,29.8,0,89,0,78,0,5,20,7,0,0,10,20,51,39.2,7,46,15.2,0,22,0.0,4,4,0,10,30,33.3,157.2,157,0,1,24,2,21,3,2,6,41,6,26,0,0,0,0,0
664,16,DROUGHT,247,139,76,123,76,126,3,10,36.4,29.8,0,93,0,79,0,4,25,6,1,0,7,25,51,49.0,6,46,13.0,1,22,4.5,4,4,0,10,30,33.3,157.2,157,0,1,24,2,21,3,2,6,41,6,26,0,0,0,0,0
665,17,DROUGHT,247,139,76,123,76,126,3,10,36.1,29.7,0,97,0,80,0,4,22,9,3,0,5,22,51,43.1,9,46,19.6,3,22,13.6,4,4,0,10,30,33.3,157.2,157,0,1,24,2,21,3,2,6,41,6,26,0,0,0,0,0
666,18,DROUGHT,247,138,77,123,77,125,3,10,35.8,28.7,0,97,0,81,0,39,24,10,3,0,3,24,51,47.1,10,46,21.7,3,22,13.6,4,4,0,10,30,33.3,157.2,157,0,1,24,2,21,3,2,6,42,6,26,0,1,0,0,0
667,19,DROUGHT,247,137,78,123,78,124,3,10,35.4,27.6,0,88,0,82,0,38,19,12,2,0,2,19,51,37.3,12,46,26.1,2,22,9.1,4,4,0,10,30,33.3,157.2,157,0,1,24,2,21,3,2,6,43,6,26,0,1,0,0,0
668,20,DROUGHT,247,137,78,123,78,124,3,10,36.4,26.9,0,92,0,83,0,39,19,9,0,0,1,19,51,37.3,9,46,19.6,0,22,0.0,4,4,0,10,30,33.3,157.2,157,0,1,24,2,21,3,2,6,43,6,26,0,0,0,0,0
669,21,DROUGHT,247,137,78,123,78,124,3,10,37.0,26.5,0,92,0,84,0,40,20,8,0,0,0,20,51,39.2,8,46,17.4,0,22,0.0,4,4,0,10,30,33.3,156.5,156,0,1,24,2,21,3,2,6,43,6,26,0,0,0,0,0
670,22,DROUGHT,247,137,78,123,78,124,3,10,37.4,26.7,0,96,0,85,0,41,23,3,0,0,1,23,51,45.1,3,46,6.5,0,22,0.0,4,4,0,10,30,33.3,156.0,155,0,1,24,2,21,3,2,6,43,6,26,0,0,0,0,0
671,23,DROUGHT,247,136,79,123,79,123,3,10,36.5,27.4,0,92,0,86,0,43,26,4,0,0,3,26,51,51.0,4,46,8.7,0,22,0.0,4,4,0,10,30,33.3,156.0,155,0,1,24,2,21,3,2,6,44,6,26,0,1,0,0,0
672,0,DROUGHT,251,140,79,127,79,127,3,10,35.7,27.6,0,96,0,87,0,41,22,3,0,0,1,22,51,43.1,3,46,6.5,0,22,0.0,4,4,0,10,30,33.3,156.0,155,0,1,24,2,21,3,2,6,44,6,26,4,0,0,0,0
673,1,DROUGHT,251,140,79,127,79,127,3,10,35.7,28.1,0,96,1,88,0,48,26,6,0,0,2,26,51,51.0,6,46,13.0,0,22,0.0,4,4,0,10,30,33.3,156.0,155,0,1,24,2,21,3,2,6,44,6,26,0,0,0,0,0
674,2,DROUGHT,251,140,79,127,79,127,3,10,35.4,28.1,0,88,0,89,0,44,24,7,0,0,3,24,51,47.1,7,46,15.2,0,22,0.0,4,4,0,10,30,33.3,156.0,155,0,0,24,2,22,3,2,6,44,6,26,0,0,0,1,0
675,3,DROUGHT,251,140,79,127,79,127,3,10,35.1,28.0,0,92,0,90,0,48,29,7,0,0,2,29,51,56.9,7,46,15.2,0,22,0.0,4,4,0,10,30,33.3,156.0,155,0,0,24,2,22,3,2,6,44,6,26,0,0,0,0,0
676,4,DROUGHT,251,140,79,127,79,127,3,10,34.3,27.8,0,92,0,91,0,49,30,8,0,0,1,30,51,58.8,8,46,17.4,0,22,0.0,4,4,0,10,30,33.3,156.0,155,0,0,24,2,22,3,2,6,44,6,26,0,0,0,0,0
677,5,DROUGHT,251,140,79,127,79,127,3,10,33.3,27.8,0,92,0,92,0,47,29,7,0,0,1,29,51,56.9,7,46,15.2,0,22,0.0,4,4,0,10,30,33.3,156.0,155,0,0,24,2,22,3,2,6,44,6,26,0,0,0,0,0
678,6,DROUGHT,251,140,79,127,79,127,3,10,32.8,27.6,0,96,0,93,0,3,27,8,0,0,24,27,51,52.9,8,46,17.4,0,22,0.0,4,4,0,10,30,33.3,156.0,155,0,0,24,2,22,3,2,6,44,6,26,0,0,0,0,0
679,7,DROUGHT,251,140,79,127,79,127,3,10,32.5,27.6,0,92,0,94,0,2,22,7,0,0,13,22,51,43.1,7,46,15.2,0,22,0.0,4,4,0,10,30,33.3,156.0,155,0,0,24,2,22,3,2,6,44,6,26,0,0,0,0,0
680,8,DROUGHT,251,140,79,127,79,127,3,10,33.3,27.6,0,96,0,82,0,5,30,7,0,0,16,30,51,58.8,7,46,15.2,0,22,0.0,4,4,0,10,30,33.3,156.0,155,0,0,24,2,22,3,2,6,44,6,26,0,0,0,0,0
681,9,DROUGHT,251,140,79,127,79,127,3,10,31.7,27.4,0,88,0,83,0,5,29,8,0,0,9,29,51,56.9,8,46,17.4,0,22,0.0,4,4,0,10,30,33.3,156.0,155,0,0,24,2,22,3,2,6,44,6,26,0,0,0,0,0
682,10,DROUGHT,251,140,79,127,79,127,3,10,30.6,27.2,0,84,0,84,0,5,27,9,0,0,4,27,51,52.9,9,46,19.6,0,22,0.0,4,4,0,10,30,33.3,156.0,155,0,0,24,2,22,3,2,6,44,6,26,0,0,0,0,0
683,11,DROUGHT,251,140,79,127,79,127,3,10,30.9,26.9,0,88,0,77,0,5,18,6,0,0,5,18,51,35.3,6,46,13.0,0,22,0.0,4,4,0,10,30,33.3,155.0,154,1,0,24,2,22,3,2,6,44,6,26,0,0,0,0,0
684,12,DROUGHT,251,140,79,127,79,127,3,10,31.9,27.0,0,92,0,78,0,5,20,5,0,0,12,20,51,39.2,5,46,10.9,0,22,0.0,4,4,0,10,30,33.3,155.0,154,1,0,24,2,22,3,2,6,44,6,26,0,0,0,0,0
685,13,DROUGHT,251,140,79,127,79,127,3,10,32.7,27.2,0,96,0,79,0,5,17,2,0,0,7,17,51,33.3,2,46,4.3,0,22,0.0,4,4,0,10,30,33.3,155.0,154,1,0,24,2,22,3,2,6,44,6,26,0,0,0,0,0
686,14,DROUGHT,251,138,81,127,81,125,3,10,33.0,28.4,0,88,0,80,0,5,19,1,0,0,7,19,51,37.3,1,46,2.2,0,22,0.0,4,4,0,10,30,33.3,155.0,154,1,0,24,2,22,3,2,6,46,6,26,0,2,0,0,0
687,15,DROUGHT,251,138,81,127,81,125,3,10,34.0,29.2,0,92,1,81,0,5,17,2,0,0,9,17,51,33.3,2,46,4.3,0,22,0.0,4,4,0,10,30,33.3,155.0,154,1,0,24,2,22,3,2,6,46,6,26,0,0,0,0,0
688,16,DROUGHT,251,138,81,127,81,125,3,10,35.2,29.9,0,92,0,82,0,5,19,3,0,0,6,19,51,37.3,3,46,6.5,0,22,0.0,4,4,0,10,30,33.3,155.0,154,1,0,24,2,22,3,2,6,46,6,26,0,0,0,0,0
689,17,DROUGHT,251,138,81,127,81,125,3,10,36.0,30.3,0,96,0,83,0,4,24,2,0,0,3,24,51,47.1,2,46,4.3,0,22,0.0,4,4,0,10,30,33.3,155.0,154,1,0,24,2,22,3,2,6,46,6,26,0,0,0,0,0
690,18,DROUGHT,251,138,81,127,81,125,3,10,35.9,31.0,0,96,1,84,0,49,26,3,1,0,0,26,51,51.0,3,46,6.5,1,22,4.5,4,4,0,10,30,33.3,155.0,154,1,0,24,2,22,3,2,6,46,6,26,0,0,0,0,0
691,19,DROUGHT,251,138,81,127,81,125,3,10,35.5,31.5,0,88,0,85,0,50,29,2,1,0,1,29,51,56.9,2,46,4.3,1,22,4.5,4,4,0,10,30,33.3,155.0,154,1,0,24,2,22,3,2,6,46,6,26,0,0,0,0,0
692,20,DROUGHT,251,138,81,127,81,125,3,10,34.5,31.9,0,92,0,86,0,47,29,3,1,0,3,29,51,56.9,3,46,6.5,1,22,4.5,4,4,0,10,30,33.3,155.0,154,1,0,24,2,22,3,2,6,46,6,26,0,0,0,0,0
693,21,DROUGHT,251,138,81,127,81,125,3,10,33.3,32.3,0,96,0,87,0,47,32,7,1,0,2,32,51,62.7,7,46,15.2,1,22,4.5,4,4,0,10,30,33.3,155.0,154,1,0,24,2,22,3,2,6,46,6,26,0,0,0,0,0
694,22,DROUGHT,251,138,81,127,81,125,3,10,32.4,31.9,0,88,0,88,0,44,27,8,1,0,4,27,51,52.9,8,46,17.4,1,22,4.5,4,4,0,10,30,33.3,155.0,154,1,0,24,2,22,3,2,6,46,6,26,0,0,0,0,0
695,23,DROUGHT,251,138,81,127,81,125,3,10,31.8,31.5,0,92,0,89,0,46,28,6,0,0,0,28,51,54.9,6,46,13.0,0,22,0.0,4,4,0,10,30,33.3,155.0,154,1,0,24,2,22,3,2,6,46,6,26,0,0,0,0,0
696,0,DROUGHT,253,140,81,129,81,127,3,10,30.4,31.6,0,84,0,90,0,48,27,1,0,0,1,27,51,52.9,1,46,2.2,0,22,0.0,4,4,0,10,30,33.3,153.5,153,1,0,24,2,22,3,2,6,46,6,26,2,0,0,0,0
697,1,DROUGHT,253,140,81,129,81,127,3,10,30.0,32.4,0,88,1,91,0,50,29,4,0,0,4,29,51,56.9,4,46,8.7,0,22,0.0,4,4,0,10,30,33.3,153.0,152,1,0,24,2,22,3,2,6,46,6,26,0,0,0,0,0
698,2,DROUGHT,253,140,81,129,81,127,3,10,29.3,32.8,0,88,0,92,0,52,25,4,0,0,4,25,51,49.0,4,46,8.7,0,22,0.0,4,4,0,10,30,33.3,153.0,152,1,0,24,2,22,3,2,6,46,6,26,0,0,0,0,0
699,3,DROUGHT,253,140,81,129,81,127,3,10,28.9,33.1,0,92,0,93,0,51,24,2,0,0,3,24,51,47.1,2,46,4.3,0,22,0.0,4,4,0,10,30,33.3,153.0,152,1,0,24,2,22,3,2,6,46,6,26,0,0,0,0,0
700,4,DROUGHT,253,140,81,129,81,127,3,10,29.1,33.8,0,96,0,94,0,53,23,3,1,0,4,23,51,45.1,3,46,6.5,1,22,4.5,4,4,0,10,30,33.3,153.0,152,1,0,24,2,22,3,2,6,46,6,26,0,0,0,0,0
701,5,DROUGHT,253,137,84,129,84,125,3,9,29.0,33.2,0,84,0,95,0,55,18,3,2,0,4,18,51,35.3,3,46,6.5,2,22,9.1,4,4,0,10,30,33.3,153.0,152,1,0,24,2,22,3,2,6,47,6,28,0,3,0,0,0
702,6,DROUGHT,253,137,84,129,84,125,3,9,29.9,33.2,0,76,0,96,0,2,19,3,2,0,29,19,51,37.3,3,46,6.5,2,22,9.1,4,4,0,10,30,33.3,153.0,152,1,0,24,2,22,3,2,6,47,6,28,0,0,0,0,0
703,7,DROUGHT,253,137,84,129,84,125,3,9,31.0,33.5,0,80,0,93,0,3,18,3,2,1,24,18,51,35.3,3,46,6.5,2,22,9.1,4,4,0,10,30,33.3,153.0,152,1,0,24,2,22,3,2,6,47,6,28,0,0,0,0,0
704,8,DROUGHT,253,137,84,129,84,125,3,9,32.1,33.7,0,84,0,94,0,2,17,8,0,1,7,17,51,33.3,8,46,17.4,0,22,0.0,4,4,0,10,30,33.3,153.0,152,1,0,24,2,22,3,2,6,47,6,28,0,0,0,0,0
705,9,DROUGHT,253,137,84,129,84,125,3,9,33.5,33.2,0,88,1,91,0,3,17,11,0,1,12,17,51,33.3,11,46,23.9,0,22,0.0,4,4,0,10,30,33.3,153.0,152,1,0,24,2,22,3,2,6,47,6,28,0,0,0,0,0
706,10,DROUGHT,253,137,84,129,84,125,3,9,35.0,32.5,0,92,0,92,0,0,21,12,0,0,11,21,51,41.2,12,46,26.1,0,22,0.0,4,4,0,10,30,33.3,153.0,152,1,0,24,2,22,3,2,6,47,6,28,0,0,0,0,0
707,11,DROUGHT,253,137,84,129,84,125,3,9,35.1,31.5,0,96,0,93,0,0,25,12,0,0,7,25,51,49.0,12,46,26.1,0,22,0.0,4,4,0,10,30,33.3,153.0,152,1,0,24,2,22,3,2,6,47,6,28,0,0,0,0,0
708,12,DROUGHT,254,137,84,129,84,125,3,9,35.0,30.6,0,96,0,94,0,0,23,9,0,0,5,23,51,45.1,9,46,19.6,0,22,0.0,4,4,0,10,30,33.3,153.0,152,1,1,25,2,22,3,2,6,47,6,28,0,0,0,0,0
709,13,DROUGHT,254,136,85,129,85,124,3,9,34.8,30.4,0,92,0,95,0,1,22,8,0,0,5,22,51,43.1,8,46,17.4,0,22,0.0,4,4,0,10,30,33.3,152.5,152,1,1,25,2,22,3,2,6,48,6,28,0,1,0,0,0
710,14,DROUGHT,254,136,85,129,85,124,3,9,35.1,30.2,0,80,0,96,0,1,19,8,0,1,4,19,51,37.3,8,46,17.4,0,22,0.0,4,4,0,0,30,0.0,151.0,150,1,1,25,2,22,3,2,6,48,6,28,0,0,0,0,0
711,15,DROUGHT,254,136,85,129,85,124,3,9,35.8,29.9,0,80,0,97,0,1,18,6,1,1,4,18,51,35.3,6,46,13.0,1,22,4.5,4,4,0,0,30,0.0,151.0,150,1,1,25,2,22,3,2,6,48,6,28,0,0,0,0,0
712,16,DROUGHT,254,135,86,129,86,123,3,9,36.6,29.5,0,84,0,98,0,1,24,6,1,0,2,24,51,47.1,6,46,13.0,1,22,4.5,4,4,0,0,30,0.0,151.0,150,1,1,25,2,22,3,2,6,48,6,29,0,1,0,0,0
713,17,DROUGHT,254,135,86,129,86,123,3,9,36.0,29.3,0,84,0,75,0,2,24,6,0,0,2,24,51,47.1,6,46,13.0,0,22,0.0,4,4,0,0,30,0.0,151.0,150,1,1,25,2,22,3,2,6,48,6,29,0,0,0,0,0
714,18,DROUGHT,254,135,86,129,86,123,3,9,35.9,29.2,0,88,0,76,0,39,29,6,0,0,1,29,51,56.9,6,46,13.0,0,22,0.0,4,4,0,0,30,0.0,151.0,150,1,1,25,2,22,3,2,6,48,6,29,0,0,0,0,0
715,19,DROUGHT,254,135,86,129,86,123,3,9,35.3,29.1,0,92,1,77,0,40,23,7,0,0,1,23,51,45.1,7,46,15.2,0,22,0.0,4,4,0,0,30,0.0,151.0,150,1,1,25,2,22,3,2,6,48,6,29,0,0,0,0,0
716,20,DROUGHT,254,135,86,129,86,123,3,9,35.2,29.0,0,92,0,78,0,39,19,8,0,0,2,19,51,37.3,8,46,17.4,0,22,0.0,4,4,0,0,30,0.0,151.0,150,1,1,25,2,22,3,2,6,48,6,29,0,0,0,0,0
717,21,DROUGHT,254,135,86,129,86,123,3,9,36.2,29.0,0,96,0,79,0,37,17,8,1,0,5,17,51,33.3,8,46,17.4,1,22,4.5,4,4,0,0,30,0.0,151.0,150,1,1,25,2,22,3,2,6,48,6,29,0,0,0,0,0
718,22,DROUGHT,254,135,86,129,86,123,3,9,37.1,28.4,0,96,0,80,0,36,27,6,2,0,9,27,51,52.9,6,46,13.0,2,22,9.1,4,4,0,0,30,0.0,151.0,150,1,0,25,2,23,3,2,6,48,6,29,0,0,0,1,0
719,23,DROUGHT,254,134,87,129,87,122,3,9,35.3,28.2,0,99,0,81,0,38,27,4,1,0,4,27,51,52.9,4,46,8.7,1,22,4.5,4,4,0,0,30,0.0,151.0,150,1,0,25,2,23,3,2,6,49,6,29,0,1,0,0,0
720,0,DROUGHT,260,138,88,134,88,126,3,9,33.0,28.3,0,88,0,82,0,35,30,1,1,0,1,30,51,58.8,1,46,2.2,1,22,4.5,4,4,0,0,30,0.0,151.0,150,1,1,26,2,23,3,2,6,50,6,29,5,1,0,0,0
721,1,DROUGHT,260,138,88,134,88,126,3,9,32.0,29.0,0,92,0,83,0,40,26,2,1,0,3,26,51,51.0,2,46,4.3,1,22,4.5,4,4,0,0,30,0.0,151.0,150,1,1,26,2,23,3,2,6,50,6,29,0,0,0,0,0
722,2,DROUGHT,260,138,88,134,88,126,3,9,31.7,29.4,0,92,1,84,0,42,25,3,1,0,3,25,51,49.0,3,46,6.5,1,22,4.5,4,4,0,0,30,0.0,151.0,150,1,1,26,2,23,3,2,6,50,6,29,0,0,0,0,0
723,3,DROUGHT,260,138,88,134,88,126,3,9,31.3,29.8,0,88,0,85,0,44,27,4,0,0,5,27,51,52.9,4,46,8.7,0,22,0.0,4,4,0,0,30,0.0,149.8,149,1,1,26,2,23,3,2,6,50,6,29,0,0,0,0,0
724,4,RAIN,260,138,88,134,88,126,3,9,28.0,30.4,0,89,0,86,0,43,19,5,0,0,4,19,51,37.3,5,46,10.9,0,22,0.0,4,4,0,0,30,0.0,149.8,149,1,1,26,2,23,3,2,6,50,6,29,0,0,0,0,0
725,5,RAIN,260,138,88,134,88,126,3,9,26.1,30.6,0,90,0,87,0,52,14,7,1,0,5,14,51,27.5,7,46,15.2,1,22,4.5,4,4,0,0,30,0.0,149.8,149,1,1,26,2,23,3,2,6,50,6,29,0,0,0,0,0
726,6,RAIN,260,138,88,134,88,126,3,9,24.8,30.2,0,87,0,88,0,5,12,9,1,0,26,12,51,23.5,9,46,19.6,1,22,4.5,4,4,0,0,30,0.0,149.8,149,1,1,26,2,23,3,2,6,50,6,29,0,0,0,0,0
727,7,RAIN,260,138,88,134,88,126,3,9,23.9,29.4,0,84,0,89,0,5,13,13,1,0,12,13,51,25.5,13,46,28.3,1,22,4.5,4,4,0,0,30,0.0,149.8,149,1,1,26,2,23,3,2,6,50,6,29,0,0,0,0,0
728,8,RAIN,260,138,88,134,88,126,3,9,22.7,28.2,0,77,0,90,0,5,14,15,1,0,7,14,51,27.5,15,46,32.6,1,22,4.5,4,4,0,0,30,0.0,149.8,149,1,1,26,2,23,3,2,6,50,6,29,0,0,0,0,0
729,9,RAIN,260,138,88,134,88,126,3,9,21.3,26.7,0,78,0,77,0,5,15,16,0,0,4,15,51,29.4,16,46,34.8,0,22,0.0,4,4,0,0,30,0.0,149.8,149,1,1,26,2,23,3,2,6,50,6,29,0,0,0,0,0
730,10,RAIN,260,138,88,134,88,126,3,9,20.2,25.5,0,55,0,78,0,5,9,12,0,0,3,9,51,17.6,12,46,26.1,0,22,0.0,4,4,0,0,30,0.0,149.8,149,1,1,26,2,23,3,2,6,50,6,29,0,0,0,0,0
731,11,RAIN,260,138,88,134,88,126,3,9,20.0,24.7,0,56,0,79,0,5,6,10,0,0,2,6,51,11.8,10,46,21.7,0,22,0.0,4,4,0,0,30,0.0,149.8,149,1,1,26,2,23,3,2,6,50,6,29,0,0,0,0,0
732,12,RAIN,260,138,88,134,88,126,3,9,20.2,24.2,0,57,0,79,0,5,1,8,0,0,5,1,51,2.0,8,46,17.4,0,22,0.0,4,4,0,0,30,0.0,149.8,149,1,1,26,2,23,3,1,6,50,6,29,0,0,0,0,0
733,13,RAIN,260,138,88,134,88,126,3,9,21.0,23.8,0,58,0,80,0,7,2,9,0,0,17,2,51,3.9,9,46,19.6,0,22,0.0,4,4,0,0,30,0.0,149.8,149,1,0,26,2,24,3,1,6,50,6,29,0,0,0,1,0
734,14,RAIN,260,138,88,134,88,126,3,9,21.6,23.4,2,59,0,81,0,6,6,10,0,0,12,6,51,11.8,10,46,21.7,0,22,0.0,4,4,0,0,30,0.0,149.8,149,1,0,26,2,24,3,1,6,50,6,29,0,0,0,0,0
735,15,RAIN,260,138,88,134,88,126,3,9,21.5,22.9,0,60,0,82,0,6,6,13,0,0,1,6,51,11.8,13,46,28.3,0,22,0.0,4,4,0,0,30,0.0,149.8,149,1,0,26,2,24,3,1,6,50,6,29,0,0,0,0,0
736,16,RAIN,260,138,88,134,88,126,3,9,21.5,21.7,0,61,0,67,0,5,3,10,0,0,2,3,51,5.9,10,46,21.7,0,22,0.0,4,4,0,13,30,43.3,154.5,149,1,0,26,2,24,3,1,6,50,6,29,0,0,0,0,0
737,17,RAIN,260,138,88,134,88,126,3,9,22.1,21.2,0,62,0,68,0,6,3,7,0,0,4,3,51,5.9,7,46,15.2,0,22,0.0,4,4,0,20,30,66.7,157.2,149,1,0,26,2,24,3,1,6,50,6,29,0,0,0,0,0
738,18,RAIN,260,138,88,134,88,126,3,9,22.6,21.4,0,63,0,57,0,92,2,5,0,0,0,2,51,3.9,5,46,10.9,0,22,0.0,4,4,0,20,30,66.7,157.2,149,1,0,26,2,24,3,1,6,50,6,29,0,0,0,0,0
739,19,RAIN,260,138,88,134,88,126,3,9,23.3,21.6,0,64,0,58,0,96,4,6,0,0,0,4,51,7.8,6,46,13.0,0,22,0.0,4,4,0,20,30,66.7,157.2,149,1,0,26,2,24,3,1,6,50,6,29,0,0,0,0,0
740,20,RAIN,260,138,88,134,88,126,3,9,23.7,21.6,0,65,0,59,0,95,3,3,0,0,0,3,51,5.9,3,46,6.5,0,22,0.0,4,4,0,20,30,66.7,157.2,149,1,0,26,2,24,3,1,6,50,6,29,0,0,0,0,0
741,21,RAIN,260,138,88,134,88,126,3,9,24.2,22.3,0,66,0,60,0,98,2,2,0,0,0,2,51,3.9,2,46,4.3,0,22,0.0,4,4,0,20,30,66.7,157.2,149,1,0,26,2,24,3,1,6,50,6,29,0,0,0,0,0
742,22,RAIN,260,138,88,134,88,126,3,9,24.8,22.9,2,67,1,61,0,94,5,4,0,0,0,5,51,9.8,4,46,8.7,0,22,0.0,4,4,0,20,30,66.7,157.2,149,1,0,26,2,24,3,1,6,50,6,29,0,0,0,0,0
743,23,RAIN,260,138,88,134,88,126,3,9,24.9,23.2,0,68,0,62,0,94,6,5,0,0,1,6,51,11.8,5,46,10.9,0,22,0.0,4,4,0,20,30,66.7,157.2,149,1,0,26,2,24,3,1,6,50,6,29,0,0,0,0,0
744,0,RAIN,262,140,88,136,88,128,3,9,24.6,23.2,0,53,0,62,0,96,6,4,1,0,0,6,51,11.8,4,46,8.7,1,22,4.5,4,4,0,20,30,66.7,157.2,149,1,0,26,2,24,3,1,6,50,6,29,2,0,0,0,0
745,1,RAIN,262,140,88,136,88,128,3,9,24.7,23.3,0,54,0,50,0,102,5,5,1,0,0,5,51,9.8,5,46,10.9,1,22,4.5,4,4,0,20,30,66.7,157.2,149,1,0,26,2,24,3,1,6,50,6,29,0,0,0,0,0
746,2,RAIN,262,140,88,136,88,128,3,9,24.8,23.3,0,55,0,51,0,97,4,4,0,0,0,4,51,7.8,4,46,8.7,0,22,0.0,4,4,0,20,30,66.7,157.2,149,1,0,26,2,24,3,1,6,50,6,29,0,0,0,0,0
747,3,RAIN,262,140,88,136,88,128,3,9,25.2,23.7,0,56,0,52,0,95,5,0,0,0,1,5,51,9.8,0,46,0.0,0,22,0.0,4,4,0,20,30,66.7,157.2,149,1,0,26,2,24,3,1,6,50,6,29,0,0,0,0,0
748,4,RAIN,262,140,88,136,88,128,3,9,25.6,24.7,0,57,1,53,0,98,5,0,0,0,0,5,51,9.8,0,46,0.0,0,22,0.0,4,4,0,20,30,66.7,157.2,149,1,0,26,2,24,3,1,6,50,6,29,0,0,0,0,0
749,5,RAIN,262,140,88,136,88,128,3,9,25.7,25.7,0,54,2,54,0,96,4,2,1,0,2,4,51,7.8,2,46,4.3,1,22,4.5,4,4,0,20,30,66.7,157.2,149,1,0,26,2,24,3,1,6,50,6,29,0,0,0,0,0
750,6,RAIN,262,140,88,136,88,128,3,9,26.1,26.2,0,55,3,55,0,5,4,4,2,0,11,4,51,7.8,4,46,8.7,2,22,9.1,4,4,0,0,30,0.0,159.2,159,1,0,26,2,24,3,1,6,50,6,29,0,0,0,0,0
751,7,RAIN,262,140,88,136,88,128,3,9,26.6,26.1,0,56,0,56,0,5,7,3,1,0,5,7,51,13.7,3,46,6.5,1,22,4.5,4,4,0,0,30,0.0,159.2,159,1,0,26,2,24,3,1,6,50,6,29,0,0,0,0,0
752,8,RAIN,262,140,88,136,88,128,3,9,26.3,26.6,0,57,0,57,0,6,9,4,0,0,2,9,51,17.6,4,46,8.7,0,22,0.0,4,4,0,0,30,0.0,159.2,159,1,0,26,2,24,3,1,6,50,6,29,0,0,0,0,0
753,9,RAIN,262,140,88,136,88,128,3,9,25.8,27.0,0,54,0,58,0,6,4,4,1,0,2,4,51,7.8,4,46,8.7,1,22,4.5,4,4,0,0,30,0.0,159.2,159,1,0,26,2,24,3,1,6,50,6,29,0,0,0,0,0
754,10,RAIN,262,140,88,136,88,128,3,9,26.3,27.1,0,55,0,59,0,6,6,5,1,0,6,6,51,11.8,5,46,10.9,1,22,4.5,4,4,0,0,30,0.0,159.2,159,1,0,26,2,24,3,1,6,50,6,29,0,0,0,0,0
755,11,RAIN,262,140,88,136,88,128,3,9,26.6,27.4,0,56,0,60,0,6,3,4,0,0,8,3,51,5.9,4,46,8.7,0,22,0.0,4,4,0,0,30,0.0,159.2,159,1,0,26,2,24,3,1,6,50,6,29,0,0,0,0,0
756,12,RAIN,262,140,88,136,88,128,3,9,27.1,27.7,2,57,0,61,0,7,3,5,0,0,7,3,51,5.9,5,46,10.9,0,22,0.0,4,4,0,0,30,0.0,159.2,159,1,0,26,2,24,3,1,6,50,6,29,0,0,0,0,0
757,13,RAIN,262,140,88,136,88,128,3,9,28.0,27.8,0,58,0,62,0,7,3,6,0,0,3,3,51,5.9,6,46,13.0,0,22,0.0,4,4,0,0,30,0.0,159.2,159,1,0,26,2,24,3,1,6,50,6,29,0,0,0,0,0
758,14,RAIN,262,140,88,136,88,128,3,9,28.4,27.8,2,55,0,63,0,7,5,6,0,0,2,5,51,9.8,6,46,13.0,0,22,0.0,4,4,0,0,30,0.0,159.2,159,1,0,26,2,24,3,1,6,50,6,29,0,0,0,0,0
759,15,RAIN,262,140,88,136,88,128,3,9,28.5,27.7,0,56,0,64,0,7,5,9,0,0,2,5,51,9.8,9,46,19.6,0,22,0.0,4,4,0,0,30,0.0,159.2,159,1,0,26,2,24,3,1,6,50,6,29,0,0,0,0,0
760,16,RAIN,262,140,88,136,88,128,3,9,28.7,27.1,0,57,0,65,0,7,2,9,0,0,5,2,51,3.9,9,46,19.6,0,22,0.0,4,4,0,0,30,0.0,159.2,159,1,0,26,2,24,3,1,6,50,6,29,0,0,0,0,0
761,17,RAIN,262,140,88,136,88,128,3,9,29.4,26.7,2,58,0,66,0,6,5,7,0,0,3,5,51,9.8,7,46,15.2,0,22,0.0,4,4,0,0,30,0.0,159.2,159,1,0,26,2,24,3,1,6,50,6,29,0,0,0,0,0
762,18,RAIN,262,140,88,136,88,128,3,9,29.7,27.0,0,55,0,67,0,78,4,1,0,0,4,4,51,7.8,1,46,2.2,0,22,0.0,4,4,0,0,30,0.0,159.2,159,1,0,26,2,24,3,1,6,50,6,29,0,0,0,0,0
763,19,RAIN,262,140,88,136,88,128,3,9,30.0,28.0,0,52,0,68,0,85,4,4,1,0,3,4,51,7.8,4,46,8.7,1,22,4.5,4,4,0,0,30,0.0,158.5,158,1,0,26,2,24,3,1,6,50,6,29,0,0,0,0,0
764,20,RAIN,262,140,88,136,88,128,3,9,30.4,28.1,0,53,1,69,0,88,5,5,1,0,4,5,51,9.8,5,46,10.9,1,22,4.5,4,4,0,0,30,0.0,158.5,158,1,0,26,2,24,3,1,6,50,6,29,0,0,0,0,0
765,21,RAIN,262,140,88,136,88,128,3,9,30.6,28.0,0,54,0,70,0,87,2,7,0,0,1,2,51,3.9,7,46,15.2,0,22,0.0,4,4,0,0,30,0.0,158.5,158,1,0,26,2,24,3,1,6,50,6,29,0,0,0,0,0
766,22,RAIN,262,140,88,136,88,128,3,9,31.3,28.0,0,55,0,65,0,83,3,5,2,0,1,3,51,5.9,5,46,10.9,2,22,9.1,4,4,0,0,30,0.0,158.5,158,1,0,26,2,24,3,1,6,50,6,29,0,0,0,0,0
767,23,RAIN,262,140,88,136,88,128,3,9,31.7,27.8,2,52,0,66,0,83,3,5,2,0,2,3,51,5.9,5,46,10.9,2,22,9.1,4,4,0,0,30,0.0,158.5,158,1,0,26,2,24,3,1,6,50,6,29,0,0,0,0,0
768,0,RAIN,263,140,88,136,88,128,3,9,32.2,27.9,0,53,0,67,0,82,2,4,0,0,3,2,51,3.9,4,46,8.7,0,22,0.0,4,4,0,0,30,0.0,158.5,158,1,1,27,2,24,3,1,6,50,6,29,0,0,0,0,0
769,1,RAIN,263,140,88,136,88,128,3,9,33.0,28.1,0,54,1,68,0,80,6,6,1,0,4,6,51,11.8,6,46,13.0,1,22,4.5,4,4,0,0,30,0.0,158.5,158,1,1,27,2,24,3,1,6,50,6,29,0,0,0,0,0
770,2,RAIN,263,140,88,136,88,128,3,9,32.8,28.0,1,55,0,69,0,67,7,6,1,0,6,7,51,13.7,6,46,13.0,1,22,4.5,4,4,0,0,30,0.0,158.5,158,1,1,27,2,24,3,1,6,50,6,29,0,0,0,0,0
771,3,RAIN,263,140,88,136,88,128,3,9,32.7,28.2,0,56,0,70,0,55,5,4,0,1,10,5,51,9.8,4,46,8.7,0,22,0.0,4,4,0,0,30,0.0,158.5,158,1,1,27,2,24,3,1,6,50,6,29,0,0,0,0,0
772,4,RAIN,263,139,89,136,89,127,3,9,33.4,28.0,0,57,0,71,0,48,3,9,0,0,10,3,51,5.9,9,46,19.6,0,22,0.0,4,4,0,0,30,0.0,158.5,158,1,1,27,2,24,3,1,6,50,6,30,0,1,0,0,0
773,5,RAIN,263,139,89,136,89,127,3,9,33.9,27.5,2,54,0,72,0,46,8,8,0,0,14,8,51,15.7,8,46,17.4,0,22,0.0,4,4,0,0,30,0.0,158.5,158,1,1,27,2,24,3,1,6,50,6,30,0,0,0,0,0
774,6,RAIN,263,139,89,136,89,127,3,9,33.5,27.1,0,55,0,73,0,5,12,6,0,0,15,12,51,23.5,6,46,13.0,0,22,0.0,4,4,0,0,30,0.0,158.5,158,1,1,27,2,24,3,1,6,50,6,30,0,0,0,0,0
775,7,RAIN,263,139,89,136,89,127,3,9,32.5,27.5,0,56,0,74,0,5,14,3,0,0,16,14,51,27.5,3,46,6.5,0,22,0.0,4,4,0,0,30,0.0,158.5,158,1,1,27,2,24,3,1,6,50,6,30,0,0,0,0,0
776,8,RAIN,263,139,89,136,89,127,3,9,31.2,28.1,0,57,0,75,0,5,10,2,0,0,8,10,51,19.6,2,46,4.3,0,22,0.0,4,4,0,19,30,63.3,159.0,158,0,1,27,2,24,3,1,6,50,6,30,0,0,0,0,0
777,9,RAIN,263,138,90,136,90,126,3,9,30.4,28.3,0,58,0,65,0,5,16,4,0,0,11,16,51,31.4,4,46,8.7,0,22,0.0,4,4,0,25,30,83.3,159.5,158,0,1,27,2,24,3,1,6,50,6,31,0,1,0,0,0
778,10,RAIN,263,138,90,136,90,126,3,9,29.0,28.6,0,55,0,66,0,3,17,6,0,0,6,17,51,33.3,6,46,13.0,0,22,0.0,4,4,0,25,30,83.3,159.5,158,0,1,27,2,24,3,1,6,50,6,31,0,0,0,0,0
779,11,RAIN,263,138,90,136,90,126,3,9,27.1,28.5,0,56,0,67,0,4,19,5,0,0,5,19,51,37.3,5,46,10.9,0,22,0.0,4,4,0,25,30,83.3,159.5,158,0,1,27,2,24,3,1,6,50,6,31,0,0,0,0,0
780,12,RAIN,263,138,90,136,90,126,3,9,25.3,28.6,0,57,0,68,0,4,20,3,1,0,6,20,51,39.2,3,46,6.5,1,22,4.5,4,4,0,25,30,83.3,159.5,158,0,1,27,2,24,3,1,6,50,6,31,0,0,0,0,0
781,13,RAIN,263,138,90,136,90,126,3,9,23.1,28.9,0,58,0,69,0,4,15,6,1,0,4,15,51,29.4,6,46,13.0,1,22,4.5,4,4,0,25,30,83.3,159.5,158,0,0,27,2,25,3,1,6,50,6,31,0,0,0,1,0
782,14,RAIN,263,138,90,136,90,126,3,9,22.1,28.6,0,58,1,70,0,3,14,8,1,1,4,14,51,27.5,8,46,17.4,1,22,4.5,4,4,0,25,30,83.3,159.5,158,0,0,27,2,25,3,1,6,50,6,31,0,0,0,0,0
783,15,RAIN,263,137,91,136,91,125,3,9,20.9,27.9,0,56,0,67,0,3,9,5,0,0,7,9,51,17.6,5,46,10.9,0,22,0.0,4,4,0,25,30,83.3,159.5,158,0,0,27,2,25,3,1,6,50,6,32,0,1,0,0,0
784,16,RAIN,263,137,91,136,91,125,3,9,20.5,28.1,0,57,0,68,0,5,9,7,0,0,4,9,51,17.6,7,46,15.2,0,22,0.0,4,4,0,25,30,83.3,159.5,158,0,0,27,2,25,3,1,6,50,6,32,0,0,0,0,0
785,17,RAIN,263,137,91,136,91,125,3,9,20.6,28.0,0,58,0,69,0,5,8,9,0,0,5,8,51,15.7,9,46,19.6,0,22,0.0,4,4,0,25,30,83.3,159.5,158,0,0,27,2,25,3,1,6,50,6,32,0,0,0,0,0
786,18,RAIN,263,137,91,136,91,125,3,9,20.0,27.6,1,59,0,70,0,70,11,11,0,0,2,11,51,21.6,11,46,23.9,0,22,0.0,4,4,0,25,30,83.3,159.5,158,0,0,27,2,25,3,1,6,50,6,32,0,0,0,0,0
787,19,RAIN,263,137,91,136,91,125,3,9,19.6,27.1,0,53,0,71,0,69,3,11,0,0,4,3,51,5.9,11,46,23.9,0,22,0.0,4,4,0,25,30,83.3,159.5,158,0,0,27,2,25,3,1,6,50,6,32,0,0,0,0,0
788,20,RAIN,263,137,91,136,91,125,3,9,20.1,26.2,0,54,0,72,0,77,4,10,0,0,2,4,51,7.8,10,46,21.7,0,22,0.0,4,4,0,25,30,83.3,159.5,158,0,0,27,2,25,3,1,6,50,6,32,0,0,0,0,0
789,21,RAIN,263,137,91,136,91,125,3,9,20.6,25.7,0,54,0,73,0,80,5,8,0,0,4,5,51,9.8,8,46,17.4,0,22,0.0,4,4,0,25,30,83.3,159.5,158,0,0,27,2,25,3,1,6,50,6,32,0,0,0,0,0
790,22,RAIN,263,137,91,136,91,125,3,9,20.7,25.5,0,54,0,74,0,84,5,6,0,0,2,5,51,9.8,6,46,13.0,0,22,0.0,4,4,0,25,30,83.3,158.5,157,0,0,27,2,25,3,1,6,50,6,32,0,0,0,0,0
791,23,RAIN,263,137,91,136,91,125,3,9,21.0,25.6,0,52,0,75,0,86,5,8,0,0,4,5,51,9.8,8,46,17.4,0,22,0.0,4,4,0,25,30,83.3,158.5,157,0,0,27,2,25,3,1,6,50,6,32,0,0,0,0,0
792,0,RAIN,266,140,91,139,91,128,3,9,21.2,25.6,0,53,0,76,0,87,5,8,1,0,2,5,51,9.8,8,46,17.4,1,22,4.5,4,4,0,25,30,83.3,158.5,157,0,0,27,2,25,3,1,6,50,6,32,3,0,0,0,0
793,1,RAIN,266,140,91,139,91,128,3,9,21.5,24.9,0,53,1,77,0,92,3,10,1,0,5,3,51,5.9,10,46,21.7,1,22,4.5,4,4,0,25,30,83.3,158.5,157,0,0,27,2,25,3,1,6,50,6,32,0,0,0,0,0
794,2,RAIN,266,140,91,139,91,128,3,9,21.9,24.3,0,52,0,78,0,93,3,8,0,0,2,3,51,5.9,8,46,17.4,0,22,0.0,4,4,0,25,30,83.3,158.5,157,0,0,27,2,25,3,1,6,50,6,32,0,0,0,0,0
795,3,RAIN,266,140,91,139,91,128,3,9,22.5,24.3,0,53,0,79,0,95,2,6,0,0,3,2,51,3.9,6,46,13.0,0,22,0.0,4,4,0,25,30,83.3,158.5,157,0,0,27,2,25,3,1,6,50,6,32,0,0,0,0,0
796,4,RAIN,266,140,91,139,91,128,3,9,23.4,24.5,0,54,0,80,0,93,0,2,0,0,3,0,51,0.0,2,46,4.3,0,22,0.0,4,4,0,25,30,83.3,158.5,157,0,0,27,2,25,3,1,6,50,6,32,0,0,0,0,0
797,5,RAIN,266,140,91,139,91,128,3,9,24.4,25.3,2,55,0,81,0,96,0,3,0,0,2,0,51,0.0,3,46,6.5,0,22,0.0,4,4,0,25,30,83.3,158.5,157,0,0,27,2,25,3,1,6,50,6,32,0,0,0,0,0
798,6,RAIN,266,140,91,139,91,128,3,9,25.4,25.9,3,56,0,82,0,4,4,4,0,0,2,4,51,7.8,4,46,8.7,0,22,0.0,4,4,0,25,30,83.3,158.5,157,0,0,27,2,25,3,1,6,50,6,32,0,0,0,0,0
799,7,RAIN,266,140,91,139,91,128,3,9,25.6,26.2,4,55,0,83,0,4,5,4,2,0,1,5,51,9.8,4,46,8.7,2,22,9.1,4,4,0,25,30,83.3,158.5,157,0,0,27,2,25,3,1,6,50,6,32,0,0,0,0,0
800,8,RAIN,266,140,91,139,91,128,3,9,25.6,26.0,0,56,1,84,0,4,4,5,2,0,3,4,51,7.8,5,46,10.9,2,22,9.1,4,4,0,25,30,83.3,158.5,157,0,0,27,2,25,3,1,6,50,6,32,0,0,0,0,0
801,9,RAIN,266,140,91,139,91,128,3,9,26.2,25.9,0,56,0,85,0,4,2,6,1,0,0,2,51,3.9,6,46,13.0,1,22,4.5,4,4,0,25,30,83.3,158.5,157,0,0,27,2,25,3,1,6,50,6,32,0,0,0,0,0
802,10,RAIN,266,140,91,139,91,128,3,9,26.9,26.1,2,57,0,86,0,6,4,3,1,0,0,4,51,7.8,3,46,6.5,1,22,4.5,4,4,0,25,30,83.3,158.5,157,0,0,27,2,25,3,1,6,50,6,32,0,0,0,0,0
803,11,RAIN,266,140,91,139,91,128,3,9,27.2,26.4,0,58,0,87,0,6,8,5,0,0,0,8,51,15.7,5,46,10.9,0,22,0.0,4,4,0,25,30,83.3,157.5,156,0,0,27,2,25,3,1,6,50,6,32,0,0,0,0,0
804,12,RAIN,266,140,91,139,91,128,3,9,26.9,26.6,0,59,0,88,0,7,10,6,0,0,0,10,51,19.6,6,46,13.0,0,22,0.0,4,4,0,25,30,83.3,157.5,156,0,0,27,2,25,3,1,6,50,6,32,0,0,0,0,0
805,13,RAIN,266,140,91,139,91,128,3,9,26.3,26.6,0,55,0,89,0,7,8,7,0,0,0,8,51,15.7,7,46,15.2,0,22,0.0,4,4,0,25,30,83.3,157.5,156,0,0,27,2,25,3,1,6,50,6,32,0,0,0,0,0
806,14,RAIN,266,140,91,139,91,128,3,9,26.3,26.4,0,54,0,89,0,7,4,13,1,0,3,4,51,7.8,13,46,28.3,1,22,4.5,4,4,0,25,30,83.3,157.5,156,0,0,27,2,25,3,1,6,50,6,32,0,0,0,0,0
807,15,RAIN,266,140,91,139,91,128,3,9,26.7,24.8,0,55,0,81,0,7,5,13,1,0,3,5,51,9.8,13,46,28.3,1,22,4.5,4,4,0,25,30,83.3,157.5,156,0,0,27,2,25,3,1,6,50,6,32,0,0,0,0,0
808,16,RAIN,266,140,91,139,91,128,3,9,26.9,23.8,0,54,0,70,0,8,5,6,0,0,2,5,51,9.8,6,46,13.0,0,22,0.0,4,4,0,25,30,83.3,157.5,156,0,0,27,2,25,3,1,6,50,6,32,0,0,0,0,0
809,17,RAIN,266,140,91,139,91,128,3,9,27.0,23.7,2,55,0,71,0,7,8,5,0,0,0,8,51,15.7,5,46,10.9,0,22,0.0,4,4,0,25,30,83.3,157.5,156,0,0,27,2,25,3,1,6,50,6,32,0,0,0,0,0
810,18,RAIN,266,140,91,139,91,128,3,9,26.9,24.2,0,54,0,72,0,91,5,4,1,0,0,5,51,9.8,4,46,8.7,1,22,4.5,4,4,0,25,30,83.3,157.5,156,0,0,27,2,25,3,1,6,50,6,32,0,0,0,0,0
811,19,RAIN,266,140,91,139,91,128,3,9,27.2,24.5,0,55,0,73,0,91,5,4,1,0,0,5,51,9.8,4,46,8.7,1,22,4.5,4,4,0,25,30,83.3,157.5,156,0,0,27,2,25,3,1,6,50,6,32,0,0,0,0,0
812,20,RAIN,266,140,91,139,91,128,3,9,27.4,24.6,0,51,0,60,0,90,4,5,0,0,0,4,51,7.8,5,46,10.9,0,22,0.0,4,4,0,25,30,83.3,157.5,156,0,0,27,2,25,3,1,6,50,6,32,0,0,0,0,0
813,21,RAIN,266,140,91,139,91,128,3,9,27.7,24.8,0,52,0,61,0,92,3,4,0,0,0,3,51,5.9,4,46,8.7,0,22,0.0,4,4,0,25,30,83.3,157.5,156,0,0,27,2,25,3,1,6,50,6,32,0,0,0,0,0
814,22,RAIN,266,140,91,139,91,128,3,9,28.5,25.1,0,53,0,62,0,91,1,3,0,0,0,1,51,2.0,3,46,6.5,0,22,0.0,4,4,0,25,30,83.3,157.5,156,0,0,27,2,25,3,1,6,50,6,32,0,0,0,0,0
815,23,RAIN,266,140,91,139,91,128,3,9,29.3,25.6,2,54,0,63,0,95,4,4,1,0,0,4,51,7.8,4,46,8.7,1,22,4.5,4,4,0,25,30,83.3,157.5,156,0,0,27,2,25,3,1,6,50,6,32,0,0,0,0,0
816,0,RAIN,266,140,91,139,91,128,3,9,29.5,25.7,0,53,0,64,0,92,4,5,1,0,1,4,51,7.8,5,46,10.9,1,22,4.5,4,4,0,25,30,83.3,156.0,154,0,0,27,2,25,3,1,6,50,6,32,0,0,0,0,0
817,1,RAIN,266,140,91,139,91,128,3,9,29.8,25.6,0,53,0,65,0,91,4,8,1,0,2,4,51,7.8,8,46,17.4,1,22,4.5,4,4,0,25,30,83.3,155.5,154,0,0,27,2,25,3,1,6,50,6,32,0,0,0,0,0
818,2,RAIN,266,140,91,139,91,128,3,9,30.2,25.2,0,54,0,66,0,87,4,8,1,0,1,4,51,7.8,8,46,17.4,1,22,4.5,4,4,0,25,30,83.3,155.5,154,0,0,27,2,25,3,1,6,50,6,32,0,0,0,0,0
819,3,RAIN,266,140,91,139,91,128,3,9,30.6,25.0,0,54,0,67,0,90,2,5,0,0,0,2,51,3.9,5,46,10.9,0,22,0.0,4,4,0,25,30,83.3,155.5,154,0,0,27,2,25,3,1,6,50,6,32,0,0,0,0,0
820,4,RAIN,266,140,91,139,91,128,3,9,31.5,25.1,0,55,0,68,0,92,5,4,0,0,2,5,51,9.8,4,46,8.7,0,22,0.0,4,4,0,25,30,83.3,155.5,154,0,0,27,2,25,3,1,6,50,6,32,0,0,0,0,0
821,5,RAIN,266,140,91,139,91,128,3,9,31.7,25.3,0,53,1,69,0,88,6,5,0,0,1,6,51,11.8,5,46,10.9,0,22,0.0,4,4,0,25,30,83.3,155.5,154,0,0,27,2,25,3,1,6,50,6,32,0,0,0,0,0
822,6,RAIN,266,140,91,139,91,128,3,9,31.5,25.8,1,52,0,70,0,8,6,3,0,0,11,6,51,11.8,3,46,6.5,0,22,0.0,4,4,0,25,30,83.3,155.5,154,0,0,27,2,25,3,1,6,50,6,32,0,0,0,0,0
823,7,RAIN,266,140,91,139,91,128,3,9,32.1,26.2,0,53,1,71,0,8,2,5,0,0,7,2,51,3.9,5,46,10.9,0,22,0.0,4,4,0,25,30,83.3,155.5,154,0,0,27,2,25,3,1,6,50,6,32,0,0,0,0,0
824,8,RAIN,266,140,91,139,91,128,3,9,32.9,26.5,0,54,0,72,0,5,1,2,0,0,17,1,51,2.0,2,46,4.3,0,22,0.0,4,4,0,25,30,83.3,155.5,154,0,0,27,2,25,3,1,6,50,6,32,0,0,0,0,0
825,9,RAIN,266,140,91,139,91,128,3,9,33.7,27.2,0,55,0,73,0,5,4,3,0,0,10,4,51,7.8,3,46,6.5,0,22,0.0,4,4,0,25,30,83.3,155.5,154,0,0,27,2,25,3,1,6,50,6,32,0,0,0,0,0
826,10,RAIN,266,140,91,139,91,128,3,9,34.0,27.6,2,56,1,74,0,5,8,6,0,0,6,8,51,15.7,6,46,13.0,0,22,0.0,4,4,0,25,30,83.3,155.5,154,0,0,27,2,25,3,1,6,50,6,32,0,0,0,0,0
827,11,RAIN,266,140,91,139,91,128,3,9,33.5,27.5,0,57,0,75,0,5,11,5,0,0,3,11,51,21.6,5,46,10.9,0,22,0.0,4,4,0,25,30,83.3,155.5,154,0,0,27,2,25,3,1,6,50,6,32,0,0,0,0,0
828,12,RAIN,266,140,91,139,91,128,3,9,32.7,27.8,0,58,0,76,0,5,14,2,0,0,5,14,51,27.5,2,46,4.3,0,22,0.0,4,4,0,25,30,83.3,155.5,154,0,0,27,2,25,3,1,6,50,6,32,0,0,0,0,0
829,13,RAIN,266,140,91,139,91,128,3,9,31.1,28.6,0,58,0,77,0,5,14,1,0,0,3,14,51,27.5,1,46,2.2,0,22,0.0,4,4,0,6,30,20.0,154.8,153,0,0,27,2,25,3,1,6,50,6,32,0,0,0,0,0
830,14,RAIN,266,140,91,139,91,128,3,9,29.7,29.4,0,56,1,78,0,5,15,3,0,0,4,15,51,29.4,3,46,6.5,0,22,0.0,4,4,0,0,30,0.0,154.5,153,0,0,27,2,25,3,1,6,50,6,32,0,0,0,0,0
831,15,RAIN,266,140,91,139,91,128,3,9,28.6,29.9,0,57,2,79,0,5,14,7,0,0,4,14,51,27.5,7,46,15.2,0,22,0.0,4,4,0,0,30,0.0,154.5,153,0,0,27,2,25,3,1,6,50,6,32,0,0,0,0,0
832,16,RAIN,266,140,91,139,91,128,3,9,27.3,29.6,0,54,0,80,0,5,14,7,0,0,4,14,51,27.5,7,46,15.2,0,22,0.0,4,4,0,0,30,0.0,154.5,153,0,0,27,2,25,3,1,6,50,6,32,0,0,0,0,0
833,17,RAIN,266,140,91,139,91,128,3,9,26.2,29.7,0,55,0,81,0,3,11,5,0,0,4,11,51,21.6,5,46,10.9,0,22,0.0,4,4,0,0,30,0.0,154.5,153,0,0,27,2,25,3,1,6,50,6,32,0,0,0,0,0
834,18,RAIN,266,140,91,139,91,128,3,9,25.8,30.1,0,56,0,82,0,57,12,4,0,0,1,12,51,23.5,4,46,8.7,0,22,0.0,4,4,0,0,30,0.0,154.5,153,0,0,27,2,25,3,1,6,50,6,32,0,0,0,0,0
835,19,RAIN,266,140,91,139,91,128,3,9,25.0,30.4,0,56,0,83,0,60,14,5,0,0,0,14,51,27.5,5,46,10.9,0,22,0.0,4,4,0,0,30,0.0,154.5,153,0,0,27,2,25,3,1,6,50,6,32,0,0,0,0,0
836,20,RAIN,266,140,91,139,91,128,3,9,23.4,30.6,0,56,0,84,0,59,18,11,0,0,0,18,51,35.3,11,46,23.9,0,22,0.0,4,4,0,0,30,0.0,154.5,153,0,0,27,2,25,3,1,6,50,6,32,0,0,0,0,0
837,21,RAIN,266,140,91,139,91,128,3,9,22.0,29.9,0,57,0,85,0,58,12,9,0,0,0,12,51,23.5,9,46,19.6,0,22,0.0,4,4,0,0,30,0.0,154.5,153,0,0,27,2,25,3,1,6,50,6,32,0,0,0,0,0
838,22,RAIN,266,140,91,139,91,128,3,9,21.2,29.5,0,58,0,72,0,64,16,3,1,0,0,16,51,31.4,3,46,6.5,1,22,4.5,4,4,0,0,30,0.0,154.5,153,0,0,27,2,25,3,1,6,50,6,32,0,0,0,0,0
839,23,RAIN,266,140,91,139,91,128,3,9,20.0,29.9,0,55,0,73,0,70,10,6,1,0,0,10,51,19.6,6,46,13.0,1,22,4.5,4,4,0,0,30,0.0,154.5,153,0,0,27,2,25,3,1,6,50,6,32,0,0,0,0,0
840,0,RAIN,266,140,91,139,91,128,3,9,19.2,29.6,0,56,1,74,0,74,7,12,1,0,0,7,51,13.7,12,46,26.1,1,22,4.5,4,4,0,0,30,0.0,154.5,153,0,0,27,2,25,3,0,6,50,6,32,0,0,0,0,0
841,1,RAIN,266,140,91,139,91,128,3,9,19.6,28.5,0,57,0,75,0,74,5,16,1,0,0,5,51,9.8,16,46,34.8,1,22,4.5,4,4,0,0,30,0.0,154.5,153,0,0,27,2,25,3,0,6,50,6,32,0,0,0,0,0
842,2,RAIN,266,140,91,139,91,128,3,9,19.6,26.9,2,56,0,76,0,78,6,13,1,1,0,6,51,11.8,13,46,28.3,1,22,4.5,4,4,0,0,30,0.0,154.5,153,0,0,27,2,25,3,0,6,50,6,32,0,0,0,0,0
843,3,RAIN,266,140,91,139,91,128,3,9,19.7,25.8,0,53,0,71,0,80,4,12,0,1,2,4,51,7.8,12,46,26.1,0,22,0.0,4,4,0,0,30,0.0,158.0,152,0,0,27,2,25,3,0,6,50,6,32,0,0,0,0,0
844,4,RAIN,266,140,91,139,91,128,3,9,20.4,25.5,0,54,0,72,0,84,2,8,0,1,2,2,51,3.9,8,46,17.4,0,22,0.0,4,4,0,0,30,0.0,158.0,152,0,0,27,2,25,3,0,6,50,6,32,0,0,0,0,0
845,5,RAIN,266,140,91,139,91,128,3,9,21.2,25.4,0,55,0,73,0,90,2,6,0,1,1,2,51,3.9,6,46,13.0,0,22,0.0,4,4,0,0,30,0.0,158.0,152,0,0,27,2,25,3,0,6,50,6,32,0,0,0,0,0
846,6,RAIN,266,139,92,139,92,127,3,9,21.9,24.9,0,56,0,71,0,4,3,6,0,0,21,3,51,5.9,6,46,13.0,0,22,0.0,4,4,0,0,30,0.0,158.0,152,0,0,27,2,25,3,0,6,50,6,33,0,1,0,0,0
847,7,RAIN,266,138,93,139,93,126,3,9,22.1,24.4,1,55,0,72,0,4,4,12,2,0,13,4,51,7.8,12,46,26.1,2,22,9.1,4,4,0,0,30,0.0,158.0,152,0,0,27,2,25,3,0,6,50,6,34,0,1,0,0,0
848,8,RAIN,266,138,93,139,93,126,3,9,22.5,22.9,0,56,0,73,0,4,4,10,2,0,6,4,51,7.8,10,46,21.7,2,22,9.1,4,4,0,0,30,0.0,158.0,152,0,0,27,2,25,3,0,6,50,6,34,0,0,0,0,0
849,9,RAIN,266,138,93,139,93,126,3,9,23.1,22.1,0,54,0,74,0,4,2,9,0,0,1,2,51,3.9,9,46,19.6,0,22,0.0,4,4,0,0,30,0.0,158.0,152,0,0,27,2,25,3,0,6,50,6,34,0,0,0,0,0
850,10,RAIN,266,138,93,139,93,126,3,9,23.7,22.3,2,51,0,67,0,6,3,5,0,0,6,3,51,5.9,5,46,10.9,0,22,0.0,4,4,0,0,30,0.0,158.0,152,0,0,27,2,25,3,0,6,50,6,34,0,0,0,0,0
851,11,RAIN,266,138,93,139,93,126,3,9,24.3,22.4,0,52,0,68,0,6,2,5,1,0,8,2,51,3.9,5,46,10.9,1,22,4.5,4,4,0,0,30,0.0,158.0,152,0,0,27,2,25,3,0,6,50,6,34,0,0,0,0,0
852,12,RAIN,267,138,93,139,93,126,3,9,25.1,22.3,0,53,0,69,0,6,0,3,1,0,7,0,51,0.0,3,46,6.5,1,22,4.5,4,4,0,0,30,0.0,158.0,152,0,1,28,2,25,3,0,6,50,6,34,0,0,0,0,0
853,13,RAIN,267,138,93,139,93,126,3,9,26.1,22.8,2,54,0,70,0,5,1,1,0,1,2,1,51,2.0,1,46,2.2,0,22,0.0,4,4,0,0,30,0.0,158.0,152,0,1,28,2,25,3,0,6,50,6,34,0,0,0,0,0
854,14,RAIN,267,138,93,139,93,126,3,9,26.9,23.6,3,55,1,71,0,6,4,3,1,1,3,4,51,7.8,3,46,6.5,1,22,4.5,4,4,0,0,30,0.0,158.0,152,0,1,28,2,25,3,0,6,50,6,34,0,0,0,0,0
855,15,RAIN,267,138,93,139,93,126,3,9,27.1,23.9,0,55,0,72,0,6,9,5,1,1,2,9,51,17.6,5,46,10.9,1,22,4.5,4,4,0,0,30,0.0,158.0,152,0,1,28,2,25,3,0,6,50,6,34,0,0,0,0,0
856,16,RAIN,267,138,93,139,93,126,3,9,26.4,23.8,0,53,0,73,0,6,11,3,0,1,4,11,51,21.6,3,46,6.5,0,22,0.0,4,4,0,5,30,16.7,159.5,159,0,1,28,2,25,3,0,6,50,6,34,0,0,0,0,0
857,17,RAIN,267,138,93,139,93,126,3,9,25.6,24.2,0,54,0,74,0,6,6,5,0,1,5,6,51,11.8,5,46,10.9,0,22,0.0,4,4,0,5,30,16.7,159.2,159,0,1,28,2,25,3,0,6,50,6,34,0,0,0,0,0
858,18,RAIN,267,138,93,139,93,126,3,9,26.0,24.5,0,55,0,75,0,83,2,8,1,1,0,2,51,3.9,8,46,17.4,1,22,4.5,4,4,0,5,30,16.7,159.2,159,0,1,28,2,25,3,0,6,50,6,34,0,0,0,0,0
859,19,RAIN,267,138,93,139,93,126,3,9,26.7,23.8,2,56,0,76,0,87,5,8,1,1,5,5,51,9.8,8,46,17.4,1,22,4.5,4,4,0,5,30,16.7,159.2,159,0,1,28,2,25,3,0,6,50,6,34,0,0,0,0,0
860,20,RAIN,267,138,93,139,93,126,3,9,26.7,23.6,0,57,0,77,0,81,7,5,0,1,3,7,51,13.7,5,46,10.9,0,22,0.0,4,4,0,5,30,16.7,159.2,159,0,1,28,2,25,3,0,6,50,6,34,0,0,0,0,0
861,21,RAIN,267,138,93,139,93,126,3,9,26.6,24.1,0,55,0,78,0,84,7,3,0,1,4,7,51,13.7,3,46,6.5,0,22,0.0,4,4,0,5,30,16.7,159.2,159,0,1,28,2,25,3,0,6,50,6,34,0,0,0,0,0
862,22,RAIN,267,138,93,139,93,126,3,9,26.4,24.6,0,56,1,79,0,89,6,4,0,1,1,6,51,11.8,4,46,8.7,0,22,0.0,4,4,0,5,30,16.7,159.2,159,0,1,28,2,25,3,0,6,50,6,34,0,0,0,0,0
863,23,RAIN,267,138,93,139,93,126,3,9,26.8,25.0,0,57,0,80,0,85,3,5,0,1,6,3,51,5.9,5,46,10.9,0,22,0.0,4,4,0,5,30,16.7,159.2,159,0,1,28,2,25,3,0,6,50,6,34,0,0,0,0,0
864,0,RAIN,269,140,93,141,93,128,3,9,27.1,24.9,0,58,0,81,0,91,4,5,1,1,3,4,51,7.8,5,46,10.9,1,22,4.5,4,4,0,5,30,16.7,159.2,159,0,1,28,2,25,3,0,6,50,6,34,2,0,0,0,0
865,1,RAIN,269,140,93,141,93,128,3,9,27.4,24.9,0,59,0,82,0,91,3,3,1,1,3,3,51,5.9,3,46,6.5,1,22,4.5,4,4,0,5,30,16.7,159.2,159,0,1,28,2,25,3,0,6,50,6,34,0,0,0,0,0
866,2,RAIN,269,140,93,141,93,128,3,9,28.0,25.5,0,60,0,83,0,91,2,5,0,1,0,2,51,3.9,5,46,10.9,0,22,0.0,4,4,0,5,30,16.7,159.2,159,0,1,28,2,25,3,0,6,50,6,34,0,0,0,0,0
867,3,RAIN,269,140,93,141,93,128,3,9,28.8,25.7,0,56,0,84,0,94,2,5,0,1,3,2,51,3.9,5,46,10.9,0,22,0.0,4,4,0,5,30,16.7,159.2,159,0,1,28,2,25,3,0,6,50,6,34,0,0,0,0,0
868,4,RAIN,269,140,93,141,93,128,3,9,29.5,25.8,2,55,0,85,0,94,5,4,0,1,1,5,51,9.8,4,46,8.7,0,22,0.0,4,4,0,5,30,16.7,159.2,159,0,1,28,2,25,3,0,6,50,6,34,0,0,0,0,0
869,5,RAIN,269,140,93,141,93,128,3,9,29.6,26.3,0,56,0,86,0,90,6,5,1,1,3,6,51,11.8,5,46,10.9,1,22,4.5,4,4,0,5,30,16.7,159.2,159,0,1,28,2,25,3,0,6,50,6,34,0,0,0,0,0
870,6,RAIN,269,140,93,141,93,128,3,9,29.6,26.2,0,53,0,87,0,6,4,7,1,1,15,4,51,7.8,7,46,15.2,1,22,4.5,4,4,0,0,30,0.0,157.5,157,0,1,28,2,25,3,0,6,50,6,34,0,0,0,0,0
871,7,RAIN,269,140,93,141,93,128,3,9,30.2,25.9,0,54,0,88,0,6,4,6,0,1,16,4,51,7.8,6,46,13.0,0,22,0.0,4,4,0,0,30,0.0,157.5,157,0,1,28,2,25,3,0,6,50,6,34,0,0,0,0,0
872,8,RAIN,269,138,95,141,95,126,3,9,30.9,25.2,0,55,0,65,0,7,3,4,0,0,15,3,51,5.9,4,46,8.7,0,22,0.0,4,4,0,0,30,0.0,157.5,157,0,1,28,2,25,4,0,6,50,6,35,0,2,0,0,1
873,9,RAIN,269,138,95,141,95,126,3,9,31.3,25.8,0,56,0,66,0,7,2,6,0,0,11,2,51,3.9,6,46,13.0,0,22,0.0,4,4,0,0,30,0.0,157.5,157,0,1,28,2,25,4,0,6,50,6,35,0,0,0,0,0
874,10,RAIN,269,138,95,141,95,126,3,9,32.0,25.7,0,57,1,67,0,7,5,6,0,0,5,5,51,9.8,6,46,13.0,0,22,0.0,4,4,0,0,30,0.0,157.5,157,0,1,28,2,25,4,0,6,50,6,35,0,0,0,0,0
875,11,RAIN,269,138,95,141,95,126,3,9,32.0,25.8,2,58,0,68,0,7,6,4,0,0,4,6,51,11.8,4,46,8.7,0,22,0.0,4,4,0,0,30,0.0,157.5,157,0,1,28,2,25,4,0,6,50,6,35,0,0,0,0,0
876,12,RAIN,270,138,95,141,95,126,3,9,32.1,26.3,0,59,0,69,0,7,8,3,0,0,3,8,51,15.7,3,46,6.5,0,22,0.0,4,4,0,0,30,0.0,157.5,157,0,2,29,2,25,4,1,7,50,6,35,0,0,0,0,0
877,13,RAIN,270,138,95,141,95,126,3,9,31.9,26.8,0,55,0,70,0,8,7,1,0,0,4,7,51,13.7,1,46,2.2,0,22,0.0,4,4,0,0,30,0.0,157.5,157,0,2,29,2,25,4,1,7,50,6,35,0,0,0,0,0
878,14,RAIN,270,138,95,141,95,126,3,9,31.6,27.6,0,56,1,71,0,8,7,2,0,0,4,7,51,13.7,2,46,4.3,0,22,0.0,4,4,0,0,30,0.0,157.5,157,0,2,29,2,25,4,1,7,50,6,35,0,0,0,0,0
879,15,RAIN,270,138,95,141,95,126,3,9,31.6,28.3,0,56,0,72,0,8,9,2,0,0,3,9,51,17.6,2,46,4.3,0,22,0.0,4,4,0,0,30,0.0,157.5,157,0,2,29,2,25,4,1,7,50,6,35,0,0,0,0,0
880,16,RAIN,270,138,95,141,95,126,3,9,31.0,29.0,0,53,0,73,0,7,9,4,0,0,6,9,51,17.6,4,46,8.7,0,22,0.0,4,4,0,0,30,0.0,157.5,157,0,2,29,2,25,4,1,7,50,6,35,0,0,0,0,0
881,17,RAIN,270,138,95,141,95,126,3,9,30.5,29.2,0,54,0,74,0,7,11,3,0,0,5,11,51,21.6,3,46,6.5,0,22,0.0,4,4,0,0,30,0.0,157.5,157,0,2,29,2,25,4,1,7,50,6,35,0,0,0,0,0
882,18,RAIN,270,138,95,141,95,126,3,9,29.6,29.7,0,53,0,75,0,68,7,5,0,0,3,7,51,13.7,5,46,10.9,0,22,0.0,4,4,0,0,30,0.0,157.5,157,0,2,29,2,25,4,1,7,50,6,35,0,0,0,0,0
883,19,RAIN,270,138,95,141,95,126,3,9,29.3,30.0,0,54,0,74,0,59,11,7,0,0,4,11,51,21.6,7,46,15.2,0,22,0.0,4,4,0,0,30,0.0,156.8,156,0,1,29,2,26,4,1,7,50,6,35,0,0,0,1,0
884,20,RAIN,270,138,95,141,95,126,3,9,28.7,29.7,0,54,0,75,0,55,10,9,0,0,3,10,51,19.6,9,46,19.6,0,22,0.0,4,4,0,0,30,0.0,156.8,156,0,1,29,2,26,4,1,7,50,6,35,0,0,0,0,0
885,21,RAIN,270,138,95,141,95,126,3,9,27.8,29.0,0,55,0,76,0,53,9,6,0,0,1,9,51,17.6,6,46,13.0,0,22,0.0,4,4,0,0,30,0.0,156.8,156,0,1,29,2,26,4,1,7,50,6,35,0,0,0,0,0
886,22,RAIN,270,138,95,141,95,126,3,9,28.0,29.3,0,56,0,77,0,55,6,3,0,0,0,6,51,11.8,3,46,6.5,0,22,0.0,4,4,0,0,30,0.0,156.8,156,0,1,29,2,26,4,1,7,50,6,35,0,0,0,0,0
887,23,RAIN,270,138,95,141,95,126,3,9,28.1,29.9,0,57,0,78,0,56,10,4,0,0,0,10,51,19.6,4,46,8.7,0,22,0.0,4,4,0,0,30,0.0,156.8,156,0,1,29,2,26,4,1,7,50,6,35,0,0,0,0,0
888,0,RAIN,273,140,95,143,95,128,3,9,27.2,30.1,0,57,0,79,0,56,11,5,0,0,1,11,51,21.6,5,46,10.9,0,22,0.0,4,4,0,0,30,0.0,156.8,156,0,2,30,2,26,4,2,8,50,6,35,2,0,0,0,0
889,1,RAIN,273,140,95,143,95,128,3,9,26.4,30.1,0,58,0,80,0,60,11,6,0,0,1,11,51,21.6,6,46,13.0,0,22,0.0,4,4,0,0,30,0.0,156.8,156,0,2,30,2,26,4,2,8,50,6,35,0,0,0,0,0
890,2,RAIN,273,140,95,143,95,128,3,9,25.6,30.3,0,59,0,81,0,58,13,4,0,0,1,13,51,25.5,4,46,8.7,0,22,0.0,4,4,0,0,30,0.0,156.8,156,0,2,30,2,26,4,2,8,50,6,35,0,0,0,0,0
891,3,RAIN,273,140,95,143,95,128,3,9,24.8,30.5,0,55,0,82,0,59,12,7,0,0,0,12,51,23.5,7,46,15.2,0,22,0.0,4,4,0,0,30,0.0,156.8,156,0,2,30,2,26,4,2,8,50,6,35,0,0,0,0,0
892,4,RAIN,273,140,95,143,95,128,3,9,24.0,30.4,0,56,0,83,0,61,12,8,0,0,2,12,51,23.5,8,46,17.4,0,22,0.0,4,4,0,0,30,0.0,156.8,156,0,2,30,2,26,4,2,8,50,6,35,0,0,0,0,0
893,5,RAIN,273,140,95,143,95,128,3,9,23.4,30.1,0,57,0,84,0,63,9,6,0,0,1,9,51,17.6,6,46,13.0,0,22,0.0,4,4,0,0,30,0.0,156.8,156,0,2,30,2,26,4,2,8,50,6,35,0,0,0,0,0
894,6,RAIN,273,140,95,143,95,128,3,9,23.4,30.0,0,57,0,75,0,1,9,7,0,0,4,9,51,17.6,7,46,15.2,0,22,0.0,4,4,0,0,30,0.0,156.8,156,0,2,30,2,26,4,2,8,50,6,35,0,0,0,0,0
895,7,RAIN,273,140,95,143,95,128,3,9,23.1,29.9,0,58,0,76,0,1,11,10,1,0,4,11,51,21.6,10,46,21.7,1,22,4.5,4,4,0,0,30,0.0,156.8,156,0,2,30,2,26,4,2,8,50,6,35,0,0,0,0,0
896,8,RAIN,273,140,95,143,95,128,3,9,22.4,29.1,0,58,0,77,0,2,11,10,2,0,2,11,51,21.6,10,46,21.7,2,22,9.1,4,4,0,14,30,46.7,155.2,154,0,2,30,2,26,4,2,8,50,6,35,0,0,0,0,0
897,9,RAIN,273,140,95,143,95,128,3,9,21.8,28.2,0,59,0,78,0,2,11,11,2,0,4,11,51,21.6,11,46,23.9,2,22,9.1,4,4,0,19,30,63.3,154.8,154,0,2,30,2,26,4,2,8,50,6,35,0,0,0,0,0
898,10,RAIN,273,140,95,143,95,128,3,9,21.3,27.6,0,55,0,79,0,2,8,9,2,0,4,8,51,15.7,9,46,19.6,2,22,9.1,4,4,0,19,30,63.3,154.8,154,0,2,30,2,26,4,2,8,50,6,35,0,0,0,0,0
899,11,RAIN,273,140,95,143,95,128,3,9,21.3,26.9,0,56,0,80,0,4,6,11,2,0,6,6,51,11.8,11,46,23.9,2,22,9.1,4,4,0,19,30,63.3,154.8,154,0,2,30,2,26,4,2,8,50,6,35,0,0,0,0,0
900,12,RAIN,273,140,95,143,95,128,3,9,21.8,25.9,0,53,0,81,0,4,5,12,1,0,5,5,51,9.8,12,46,26.1,1,22,4.5,4,4,0,19,30,63.3,154.8,154,0,2,30,2,26,4,2,8,50,6,35,0,0,0,0,0
901,13,RAIN,273,140,95,143,95,128,3,9,22.0,24.8,0,53,0,82,0,7,4,9,1,0,6,4,51,7.8,9,46,19.6,1,22,4.5,4,4,0,19,30,63.3,154.8,154,0,2,30,2,26,4,2,8,50,6,35,0,0,0,0,0
902,14,RAIN,273,140,95,143,95,128,3,9,22.4,24.4,0,54,0,83,0,7,3,8,2,0,2,3,51,5.9,8,46,17.4,2,22,9.1,4,4,0,19,30,63.3,154.8,154,0,0,30,2,28,4,2,8,50,6,35,0,0,0,2,0
903,15,RAIN,273,140,95,143,95,128,3,9,23.0,23.8,0,53,0,84,0,7,3,11,1,0,4,3,51,5.9,11,46,23.9,1,22,4.5,4,4,0,19,30,63.3,154.8,154,0,0,30,2,28,4,2,8,50,6,35,0,0,0,0,0
904,16,RAIN,273,140,95,143,95,128,3,9,23.5,23.1,0,54,0,85,0,8,3,6,0,0,4,3,51,5.9,6,46,13.0,0,22,0.0,4,4,0,19,30,63.3,154.8,154,0,0,30,2,28,4,2,8,50,6,35,0,0,0,0,0
905,17,RAIN,273,140,95,143,95,128,3,9,24.1,23.2,0,51,0,86,0,8,3,5,1,0,2,3,51,5.9,5,46,10.9,1,22,4.5,4,4,0,19,30,63.3,154.8,154,0,0,30,2,28,4,2,8,50,6,35,0,0,0,0,0
906,18,RAIN,273,140,95,143,95,128,3,9,24.5,23.5,2,51,0,87,0,87,6,6,1,0,1,6,51,11.8,6,46,13.0,1,22,4.5,4,4,0,19,30,63.3,154.8,154,0,0,30,2,28,4,2,8,50,6,35,0,0,0,0,0
907,19,RAIN,273,140,95,143,95,128,3,9,24.5,23.2,0,52,0,88,0,85,7,7,0,0,1,7,51,13.7,7,46,15.2,0,22,0.0,4,4,0,19,30,63.3,154.8,154,0,0,30,2,28,4,2,8,50,6,35,0,0,0,0,0
908,20,RAIN,273,140,95,143,95,128,3,9,24.3,23.3,0,53,0,89,0,85,5,8,0,0,2,5,51,9.8,8,46,17.4,0,22,0.0,4,4,0,19,30,63.3,154.8,154,0,0,30,2,28,4,2,8,50,6,35,0,0,0,0,0
909,21,RAIN,273,140,95,143,95,128,3,9,24.4,23.1,0,54,0,90,0,83,1,8,0,0,0,1,51,2.0,8,46,17.4,0,22,0.0,4,4,0,19,30,63.3,154.8,154,0,0,30,2,28,4,2,8,50,6,35,0,0,0,0,0
910,22,RAIN,273,140,95,143,95,128,3,9,25.2,22.7,0,55,0,91,0,87,4,5,0,0,3,4,51,7.8,5,46,10.9,0,22,0.0,4,4,0,19,30,63.3,152.8,152,0,0,30,2,28,4,2,8,50,6,35,0,0,0,0,0
911,23,RAIN,273,140,95,143,95,128,3,9,25.4,23.0,2,56,0,92,0,91,4,2,0,0,2,4,51,7.8,2,46,4.3,0,22,0.0,4,4,0,19,30,63.3,152.8,152,0,0,30,2,28,4,2,8,50,6,35,0,0,0,0,0
912,0,RAIN,274,140,95,143,95,128,3,9,25.7,23.6,0,57,0,93,0,91,3,2,1,0,3,3,51,5.9,2,46,4.3,1,22,4.5,4,4,0,19,30,63.3,152.8,152,0,1,31,2,28,4,3,9,50,6,35,0,0,0,0,0
913,1,RAIN,274,140,95,143,95,128,3,9,26.6,24.1,0,58,1,94,0,89,1,4,1,0,0,1,51,2.0,4,46,8.7,1,22,4.5,4,4,0,19,30,63.3,152.8,152,0,1,31,2,28,4,3,9,50,6,35,0,0,0,0,0
914,2,RAIN,274,140,95,143,95,128,3,9,27.5,24.3,2,59,0,95,0,90,2,3,0,0,3,2,51,3.9,3,46,6.5,0,22,0.0,4,4,0,19,30,63.3,152.8,152,0,1,31,2,28,4,3,9,50,6,35,0,0,0,0,0
915,3,RAIN,274,140,95,143,95,128,3,9,28.1,24.8,0,60,0,96,0,92,4,5,0,0,2,4,51,7.8,5,46,10.9,0,22,0.0,4,4,0,19,30,63.3,152.8,152,0,1,31,2,28,4,3,9,50,6,35,0,0,0,0,0
916,4,RAIN,274,140,95,143,95,128,3,9,28.3,24.9,0,61,1,97,0,90,4,7,0,0,2,4,51,7.8,7,46,15.2,0,22,0.0,4,4,0,19,30,63.3,152.8,152,0,1,31,2,28,4,3,9,50,6,35,0,0,0,0,0
917,5,RAIN,274,140,95,143,95,128,3,9,28.5,24.7,2,62,0,98,0,87,7,4,0,1,1,7,51,13.7,4,46,8.7,0,22,0.0,4,4,0,19,30,63.3,152.8,152,0,1,31,2,28,4,3,9,50,6,35,0,0,0,0,0
918,6,RAIN,274,140,95,143,95,128,3,9,28.7,25.1,0,63,0,99,0,5,4,3,1,0,5,4,51,7.8,3,46,6.5,1,22,4.5,4,4,0,19,30,63.3,152.8,152,0,1,31,2,28,4,3,9,50,6,35,0,0,0,0,0
919,7,RAIN,274,139,96,143,96,127,3,9,28.9,24.8,0,59,1,73,0,5,4,6,1,0,8,4,51,7.8,6,46,13.0,1,22,4.5,4,4,0,19,30,63.3,152.8,152,0,1,31,2,28,4,3,9,50,7,35,0,1,0,0,0
920,8,RAIN,274,139,96,143,96,127,3,9,29.4,24.7,0,58,0,74,0,5,5,6,0,0,11,5,51,9.8,6,46,13.0,0,22,0.0,4,4,0,19,30,63.3,152.8,152,0,1,31,2,28,4,3,9,50,7,35,0,0,0,0,0
921,9,RAIN,274,139,96,143,96,127,3,9,29.5,24.6,2,59,0,75,0,6,8,7,0,0,10,8,51,15.7,7,46,15.2,0,22,0.0,4,4,0,19,30,63.3,152.8,152,0,1,31,2,28,4,3,9,50,7,35,0,0,0,0,0
922,10,RAIN,274,139,96,143,96,127,3,9,29.2,24.6,0,57,0,76,0,6,6,3,0,0,6,6,51,11.8,3,46,6.5,0,22,0.0,4,4,0,19,30,63.3,152.8,152,0,1,31,2,28,4,3,9,50,7,35,0,0,0,0,0
923,11,RAIN,274,139,96,143,96,127,3,9,29.3,25.1,0,58,0,77,0,6,5,3,0,0,7,5,51,9.8,3,46,6.5,0,22,0.0,4,4,0,19,30,63.3,151.0,150,1,1,31,2,28,4,3,9,50,7,35,0,0,0,0,0
924,12,RAIN,274,138,97,143,97,126,3,9,29.6,25.1,0,59,0,77,0,6,3,3,0,1,5,3,51,5.9,3,46,6.5,0,22,0.0,4,4,0,19,30,63.3,151.0,150,1,1,31,2,28,4,3,9,50,7,36,0,1,0,0,0
925,13,RAIN,274,138,97,143,97,126,3,9,30.0,25.6,0,57,0,78,0,6,5,2,0,1,5,5,51,9.8,2,46,4.3,0,22,0.0,4,4,0,19,30,63.3,151.0,150,1,1,31,2,28,4,3,9,50,7,36,0,0,0,0,0
926,14,RAIN,274,137,98,143,98,126,3,8,29.9,25.6,1,57,0,58,0,6,7,4,0,0,3,7,51,13.7,4,46,8.7,0,22,0.0,4,4,0,19,30,63.3,151.0,150,1,1,31,2,28,4,3,9,50,7,37,0,1,0,0,0
927,15,RAIN,274,137,98,143,98,126,3,8,29.8,26.1,0,58,0,59,0,6,6,6,0,0,2,6,51,11.8,6,46,13.0,0,22,0.0,4,4,0,19,30,63.3,151.0,150,1,1,31,2,28,4,3,9,50,7,37,0,0,0,0,0
928,16,RAIN,274,137,98,143,98,126,3,8,30.0,26.0,0,52,0,57,0,6,4,4,0,0,3,4,51,7.8,4,46,8.7,0,22,0.0,4,4,0,19,30,63.3,151.0,150,1,1,31,2,28,4,3,9,50,7,37,0,0,0,0,0
929,17,RAIN,274,137,98,143,98,126,3,8,30.3,26.4,0,53,0,58,0,6,6,2,0,0,3,6,51,11.8,2,46,4.3,0,22,0.0,4,4,0,19,30,63.3,151.0,150,1,1,31,2,28,4,3,9,50,7,37,0,0,0,0,0
930,18,RAIN,274,137,98,143,98,126,3,8,30.3,27.3,0,53,0,59,0,81,4,4,0,0,1,4,51,7.8,4,46,8.7,0,22,0.0,4,4,0,19,30,63.3,151.0,150,1,1,31,2,28,4,3,9,50,7,37,0,0,0,0,0
931,19,RAIN,274,137,98,143,98,126,3,8,30.6,27.5,0,54,1,60,0,79,5,6,0,0,1,5,51,9.8,6,46,13.0,0,22,0.0,4,4,0,19,30,63.3,151.0,150,1,1,31,2,28,4,3,9,50,7,37,0,0,0,0,0
932,20,RAIN,274,137,98,143,98,126,3,8,30.8,27.4,0,55,0,61,0,73,8,5,0,0,2,8,51,15.7,5,46,10.9,0,22,0.0,4,4,0,19,30,63.3,151.0,150,1,1,31,2,28,4,3,9,50,7,37,0,0,0,0,0
933,21,RAIN,274,137,98,143,98,126,3,8,30.3,27.8,0,54,0,62,0,74,8,5,0,0,2,8,51,15.7,5,46,10.9,0,22,0.0,4,4,0,19,30,63.3,151.0,150,1,1,31,2,28,4,3,9,50,7,37,0,0,0,0,0
934,22,RAIN,274,137,98,143,98,126,3,8,29.9,28.0,0,54,0,63,0,74,8,6,0,0,1,8,51,15.7,6,46,13.0,0,22,0.0,4,4,0,19,30,63.3,151.0,150,1,1,31,2,28,4,3,9,50,7,37,0,0,0,0,0
935,23,RAIN,274,137,98,143,98,126,3,8,29.9,27.9,0,55,0,64,0,75,9,3,0,0,1,9,51,17.6,3,46,6.5,0,22,0.0,4,4,0,19,30,63.3,151.0,150,1,1,31,2,28,4,3,9,50,7,37,0,0,0,0,0
936,0,RAIN,277,140,98,146,98,129,3,8,29.3,28.1,0,56,0,65,0,76,7,6,0,0,2,7,51,13.7,6,46,13.0,0,22,0.0,4,4,0,19,30,63.3,149.5,148,1,1,31,2,28,4,3,9,50,7,37,3,0,0,0,0
937,1,RAIN,277,140,98,146,98,129,3,8,29.1,28.3,0,57,0,66,0,77,8,8,0,0,1,8,51,15.7,8,46,17.4,0,22,0.0,4,4,0,19,30,63.3,149.0,148,1,1,31,2,28,4,3,9,50,7,37,0,0,0,0,0
938,2,RAIN,277,140,98,146,98,129,3,8,28.7,27.9,0,55,0,67,0,78,6,6,0,0,0,6,51,11.8,6,46,13.0,0,22,0.0,4,4,0,19,30,63.3,149.0,148,1,1,31,2,28,4,3,9,50,7,37,0,0,0,0,0
939,3,RAIN,277,140,98,146,98,129,3,8,28.8,27.8,0,56,0,68,0,76,8,4,0,0,1,8,51,15.7,4,46,8.7,0,22,0.0,4,4,0,19,30,63.3,149.0,148,1,1,31,2,28,4,3,9,50,7,37,0,0,0,0,0
940,4,RAIN,277,140,98,146,98,129,3,8,28.9,28.2,0,55,0,69,0,73,6,4,0,0,0,6,51,11.8,4,46,8.7,0,22,0.0,4,4,0,19,30,63.3,149.0,148,1,1,31,2,28,4,3,9,50,7,37,0,0,0,0,0
941,5,RAIN,277,140,98,146,98,129,3,8,28.9,28.7,0,56,0,70,0,72,8,2,0,0,1,8,51,15.7,2,46,4.3,0,22,0.0,4,4,0,19,30,63.3,149.0,148,1,1,31,2,28,4,3,9,50,7,37,0,0,0,0,0
942,6,RAIN,277,140,98,146,98,129,3,8,28.8,29.3,0,57,1,71,0,1,8,4,0,1,3,8,51,15.7,4,46,8.7,0,22,0.0,4,4,0,19,30,63.3,149.0,148,1,1,31,2,28,4,3,9,50,7,37,0,0,0,0,0
943,7,RAIN,277,139,99,146,99,128,3,8,28.3,29.8,0,58,0,71,0,1,10,3,0,1,3,10,51,19.6,3,46,6.5,0,22,0.0,4,4,0,19,30,63.3,149.0,148,1,1,31,2,28,5,3,9,50,7,37,0,1,0,0,1
944,8,RAIN,277,139,99,146,99,128,3,8,27.6,30.2,0,59,1,72,0,1,9,6,0,1,4,9,51,17.6,6,46,13.0,0,22,0.0,4,4,0,19,30,63.3,149.0,148,1,1,31,2,28,5,3,9,50,7,37,0,0,0,0,0
945,9,RAIN,277,139,99,146,99,128,3,8,27.2,30.3,0,60,0,73,0,1,12,9,1,1,5,12,51,23.5,9,46,19.6,1,22,4.5,4,4,0,19,30,63.3,149.0,148,1,1,31,2,28,5,3,9,50,7,37,0,0,0,0,0
946,10,RAIN,277,139,99,146,99,128,3,8,26.7,29.5,0,59,0,74,0,0,9,10,1,1,2,9,51,17.6,10,46,21.7,1,22,4.5,4,4,0,19,30,63.3,149.0,148,1,1,31,2,28,5,3,9,50,7,37,0,0,0,0,0
947,11,RAIN,277,139,99,146,99,128,3,8,26.0,28.7,0,60,0,75,0,0,11,13,0,1,1,11,51,21.6,13,46,28.3,0,22,0.0,4,4,0,19,30,63.3,149.0,148,1,1,31,2,28,5,3,9,50,7,37,0,0,0,0,0
948,12,RAIN,277,138,100,146,100,127,3,8,25.2,27.3,0,61,0,72,0,1,12,9,1,0,2,12,51,23.5,9,46,19.6,1,22,4.5,4,4,0,19,30,63.3,149.0,148,1,1,31,2,28,5,2,9,50,7,38,0,1,0,0,0
949,13,RAIN,277,138,100,146,100,127,3,8,24.2,26.7,0,59,0,73,0,3,15,4,1,0,2,15,51,29.4,4,46,8.7,1,22,4.5,4,4,0,19,30,63.3,149.0,148,1,1,31,2,28,5,2,9,50,7,38,0,0,0,0,0
950,14,RAIN,277,138,100,146,100,127,3,8,23.1,26.8,0,60,0,74,0,3,9,5,1,0,1,9,51,17.6,5,46,10.9,1,22,4.5,4,4,0,19,30,63.3,147.0,146,1,1,31,2,28,5,2,9,50,7,38,0,0,0,0,0
951,15,RAIN,277,138,100,146,100,127,3,8,23.0,26.7,0,61,0,75,0,3,4,4,2,0,0,4,51,7.8,4,46,8.7,2,22,9.1,4,4,0,19,30,63.3,147.0,146,1,1,31,2,28,5,2,9,50,7,38,0,0,0,0,0
952,16,RAIN,277,138,100,146,100,127,3,8,23.4,26.8,0,62,0,76,0,3,5,5,2,0,0,5,51,9.8,5,46,10.9,2,22,9.1,4,4,0,19,30,63.3,147.0,146,1,1,31,2,28,5,2,9,50,7,38,0,0,0,0,0
953,17,RAIN,277,138,100,146,100,127,3,8,23.5,26.6,1,63,0,77,0,4,9,6,1,0,0,9,51,17.6,6,46,13.0,1,22,4.5,4,4,0,19,30,63.3,147.0,146,1,1,31,2,28,5,2,9,50,7,38,0,0,0,0,0
954,18,RAIN,277,138,100,146,100,127,3,8,23.2,26.5,0,58,0,78,0,72,5,7,1,0,0,5,51,9.8,7,46,15.2,1,22,4.5,4,4,0,19,30,63.3,147.0,146,1,1,31,2,28,5,2,9,50,7,38,0,0,0,0,0
955,19,RAIN,277,138,100,146,100,127,3,8,23.3,26.5,0,59,0,71,0,72,10,8,0,0,1,10,51,19.6,8,46,17.4,0,22,0.0,4,4,0,19,30,63.3,147.0,146,1,1,31,2,28,5,2,9,50,7,38,0,0,0,0,0
956,20,RAIN,277,138,100,146,100,127,3,8,22.8,26.1,0,55,0,66,0,73,9,10,0,0,0,9,51,17.6,10,46,21.7,0,22,0.0,4,4,0,19,30,63.3,147.0,146,1,1,31,2,28,5,2,9,50,7,38,0,0,0,0,0
957,21,RAIN,277,138,100,146,100,127,3,8,22.3,25.6,0,56,0,67,0,76,7,11,0,0,0,7,51,13.7,11,46,23.9,0,22,0.0,4,4,0,19,30,63.3,147.0,146,1,1,31,2,28,5,2,9,50,7,38,0,0,0,0,0
958,22,RAIN,277,138,100,146,100,127,3,8,22.8,24.9,0,57,0,68,0,78,3,6,0,0,0,3,51,5.9,6,46,13.0,0,22,0.0,4,4,0,19,30,63.3,147.0,146,1,0,31,2,29,5,2,9,50,7,38,0,0,0,1,0
959,23,RAIN,277,138,100,146,100,127,3,8,23.4,24.9,0,58,0,69,0,79,5,10,0,0,0,5,51,9.8,10,46,21.7,0,22,0.0,4,4,0,19,30,63.3,147.0,146,1,0,31,2,29,5,2,9,50,7,38,0,0,0,0,0
960,0,RAIN,280,140,100,148,100,129,3,8,23.3,24.4,0,54,0,70,0,82,3,12,0,0,0,3,51,5.9,12,46,26.1,0,22,0.0,4,4,0,19,30,63.3,147.0,146,1,1,32,2,29,5,2,10,50,7,38,2,0,0,0,0
961,1,RAIN,280,140,100,148,100,129,3,8,23.8,23.2,0,55,0,71,0,88,6,13,0,0,0,6,51,11.8,13,46,28.3,0,22,0.0,4,4,0,19,30,63.3,147.0,146,1,1,32,2,29,5,2,10,50,7,38,0,0,0,0,0
962,2,RAIN,280,140,100,148,100,129,3,8,23.9,22.6,0,56,0,72,0,88,7,4,0,0,0,7,51,13.7,4,46,8.7,0,22,0.0,4,4,0,19,30,63.3,147.0,146,1,1,32,2,29,5,2,10,50,7,38,0,0,0,0,0
963,3,RAIN,280,140,100,148,100,129,3,8,23.6,23.2,0,52,0,73,0,93,6,4,0,0,1,6,51,11.8,4,46,8.7,0,22,0.0,4,4,0,5,30,16.7,145.8,144,1,1,32,2,29,5,2,10,50,7,38,0,0,0,0,0
964,4,RAIN,280,140,100,148,100,129,3,8,24.0,23.7,0,53,0,74,0,91,5,4,1,0,1,5,51,9.8,4,46,8.7,1,22,4.5,4,4,0,0,30,0.0,145.5,144,1,1,32,2,29,5,2,10,50,7,38,0,0,0,0,0
965,5,RAIN,280,140,100,148,100,129,3,8,24.5,23.8,0,53,1,75,0,91,2,5,1,0,0,2,51,3.9,5,46,10.9,1,22,4.5,4,4,0,0,30,0.0,145.5,144,1,1,32,2,29,5,2,10,50,7,38,0,0,0,0,0
966,6,RAIN,280,140,100,148,100,129,3,8,25.2,24.1,0,54,0,76,0,4,2,3,0,0,5,2,51,3.9,3,46,6.5,0,22,0.0,4,4,0,0,30,0.0,145.5,144,1,1,32,2,29,5,2,10,50,7,38,0,0,0,0,0
967,7,RAIN,280,140,100,148,100,129,3,8,26.0,24.5,0,55,1,77,0,5,4,6,0,0,3,4,51,7.8,6,46,13.0,0,22,0.0,4,4,0,0,30,0.0,145.5,144,1,1,32,2,29,5,2,10,50,7,38,0,0,0,0,0
968,8,RAIN,280,140,100,148,100,129,3,8,26.2,24.6,2,51,0,66,0,5,5,7,1,0,4,5,51,9.8,7,46,15.2,1,22,4.5,4,4,0,0,30,0.0,145.5,144,1,1,32,2,29,5,2,10,50,7,38,0,0,0,0,0
969,9,RAIN,280,140,100,148,100,129,3,8,26.4,24.1,0,52,1,67,0,5,5,8,1,0,6,5,51,9.8,8,46,17.4,1,22,4.5,4,4,0,0,30,0.0,145.5,144,1,1,32,2,29,5,2,10,50,7,38,0,0,0,0,0
970,10,RAIN,280,140,100,148,100,129,3,8,26.9,23.7,0,53,0,68,0,5,7,3,1,0,3,7,51,13.7,3,46,6.5,1,22,4.5,4,4,0,0,30,0.0,145.5,144,1,1,32,2,29,5,2,10,50,7,38,0,0,0,0,0
971,11,RAIN,280,140,100,148,100,129,3,8,26.6,24.2,0,54,0,69,0,4,7,7,0,0,4,7,51,13.7,7,46,15.2,0,22,0.0,4,4,0,0,30,0.0,145.5,144,1,1,32,2,29,5,2,10,50,7,38,0,0,0,0,0
972,12,RAIN,280,140,100,148,100,129,3,8,26.4,23.9,0,55,0,70,0,5,3,9,0,0,4,3,51,5.9,9,46,19.6,0,22,0.0,4,4,0,0,30,0.0,145.5,144,1,1,32,2,29,5,2,10,50,7,38,0,0,0,0,0
973,13,RAIN,280,140,100,148,100,129,3,8,26.9,23.3,0,56,0,71,0,5,5,6,0,0,5,5,51,9.8,6,46,13.0,0,22,0.0,4,4,0,0,30,0.0,145.5,144,1,1,32,2,29,5,2,10,50,7,38,0,0,0,0,0
974,14,RAIN,280,140,100,148,100,129,3,8,27.1,23.6,0,57,0,72,0,6,8,4,0,0,4,8,51,15.7,4,46,8.7,0,22,0.0,4,4,0,0,30,0.0,145.5,144,1,1,32,2,29,5,2,10,50,7,38,0,0,0,0,0
975,15,RAIN,280,140,100,148,100,129,3,8,26.8,23.8,0,54,1,73,0,6,6,5,0,0,3,6,51,11.8,5,46,10.9,0,22,0.0,4,4,0,0,30,0.0,145.5,144,1,1,32,2,29,5,2,10,50,7,38,0,0,0,0,0
976,16,RAIN,280,140,100,148,100,129,3,8,26.6,24.1,0,55,0,74,0,6,6,2,0,0,2,6,51,11.8,2,46,4.3,0,22,0.0,4,4,0,3,30,10.0,148.2,143,0,1,32,2,29,5,2,10,50,7,38,0,0,0,0,0
977,17,RAIN,280,139,101,148,101,128,3,8,27.1,24.8,0,56,0,75,0,6,2,0,1,0,4,2,51,3.9,0,46,0.0,1,22,4.5,4,4,0,13,30,43.3,151.5,143,0,1,32,2,29,6,2,10,50,7,38,0,1,0,0,1
978,18,RAIN,280,139,101,148,101,128,3,8,27.8,25.6,0,57,1,76,0,100,4,3,1,0,1,4,51,7.8,3,46,6.5,1,22,4.5,4,4,0,13,30,43.3,151.5,143,0,1,32,2,29,6,2,10,50,7,38,0,0,0,0,0
979,19,RAIN,280,139,101,148,101,128,3,8,28.1,25.8,0,58,2,77,0,96,6,3,1,0,4,6,51,11.8,3,46,6.5,1,22,4.5,4,4,0,13,30,43.3,151.5,143,0,1,32,2,29,6,2,10,50,7,38,0,0,0,0,0
980,20,RAIN,280,139,101,148,101,128,3,8,28.0,26.2,0,53,0,78,0,91,3,2,0,0,4,3,51,5.9,2,46,4.3,0,22,0.0,4,4,0,13,30,43.3,151.5,143,0,1,32,2,29,6,2,10,50,7,38,0,0,0,0,0
981,21,RAIN,280,139,101,148,101,128,3,8,28.4,27.0,1,54,0,79,0,91,5,4,0,0,1,5,51,9.8,4,46,8.7,0,22,0.0,4,4,0,13,30,43.3,151.5,143,0,1,32,2,29,6,2,10,50,7,38,0,0,0,0,0
982,22,RAIN,280,139,101,148,101,128,3,8,28.9,27.3,0,55,0,74,0,85,5,6,0,0,2,5,51,9.8,6,46,13.0,0,22,0.0,4,4,0,13,30,43.3,151.5,143,0,1,32,2,29,6,2,10,50,7,38,0,0,0,0,0
983,23,RAIN,280,139,101,148,101,128,3,8,29.0,27.2,0,56,0,75,0,86,6,7,0,0,1,6,51,11.8,7,46,15.2,0,22,0.0,4,4,0,13,30,43.3,151.5,143,0,1,32,2,29,6,2,10,50,7,38,0,0,0,0,0
984,0,RAIN,281,140,101,149,101,129,3,8,29.0,27.1,0,57,0,76,0,84,3,5,0,0,0,3,51,5.9,5,46,10.9,0,22,0.0,4,4,0,13,30,43.3,151.5,143,0,1,32,2,29,6,1,10,50,7,38,1,0,0,0,0
985,1,RAIN,281,140,101,149,101,129,3,8,29.4,27.3,1,58,0,77,0,90,4,5,0,0,0,4,51,7.8,5,46,10.9,0,22,0.0,4,4,0,13,30,43.3,151.5,143,0,1,32,2,29,6,1,10,50,7,38,0,0,0,0,0
986,2,RAIN,281,140,101,149,101,129,3,8,30.0,27.6,0,54,0,78,0,87,3,4,0,0,2,3,51,5.9,4,46,8.7,0,22,0.0,4,4,0,13,30,43.3,151.5,143,0,0,32,2,30,6,1,10,50,7,38,0,0,0,1,0
987,3,RAIN,281,140,101,149,101,129,3,8,30.5,27.9,2,55,0,79,0,87,3,5,0,0,0,3,51,5.9,5,46,10.9,0,22,0.0,4,4,0,13,30,43.3,151.5,143,0,0,32,2,30,6,1,10,50,7,38,0,0,0,0,0
988,4,RAIN,281,140,101,149,101,129,3,8,31.1,28.1,0,56,0,80,0,84,3,4,0,0,1,3,51,5.9,4,46,8.7,0,22,0.0,4,4,0,13,30,43.3,151.5,143,0,0,32,2,30,6,1,10,50,7,38,0,0,0,0,0
989,5,RAIN,281,140,101,149,101,129,3,8,31.7,28.3,0,57,0,81,0,81,6,5,0,0,2,6,51,11.8,5,46,10.9,0,22,0.0,4,4,0,13,30,43.3,151.5,143,0,0,32,2,30,6,1,10,50,7,38,0,0,0,0,0
990,6,RAIN,281,140,101,149,101,129,3,8,31.5,28.5,0,57,0,82,0,4,7,5,0,0,2,7,51,13.7,5,46,10.9,0,22,0.0,4,4,0,0,30,0.0,159.5,159,0,0,32,2,30,6,1,10,50,7,38,0,0,0,0,0
991,7,RAIN,281,140,101,149,101,129,3,8,31.2,28.8,0,58,0,71,0,3,11,4,0,0,0,11,51,21.6,4,46,8.7,0,22,0.0,4,4,0,0,30,0.0,159.5,159,0,0,32,2,30,6,1,10,50,7,38,0,0,0,0,0
992,8,RAIN,281,140,101,149,101,129,3,8,30.6,29.2,0,59,0,72,0,3,10,5,0,0,1,10,51,19.6,5,46,10.9,0,22,0.0,4,4,0,0,30,0.0,159.5,159,0,0,32,2,30,6,1,10,50,7,38,0,0,0,0,0
993,9,RAIN,281,140,101,149,101,129,3,8,30.0,29.5,0,60,0,73,0,3,9,6,0,0,1,9,51,17.6,6,46,13.0,0,22,0.0,4,4,0,0,30,0.0,159.5,159,0,0,32,2,30,6,1,10,50,7,38,0,0,0,0,0
994,10,RAIN,281,140,101,149,101,129,3,8,29.8,29.5,0,59,0,74,0,2,9,7,0,1,1,9,51,17.6,7,46,15.2,0,22,0.0,4,4,0,0,30,0.0,159.5,159,0,0,32,2,30,6,1,10,50,7,38,0,0,0,0,0
995,11,RAIN,281,140,101,149,101,129,3,8,29.3,29.5,0,57,0,75,0,1,12,8,0,1,4,12,51,23.5,8,46,17.4,0,22,0.0,4,4,0,0,30,0.0,159.5,159,0,0,32,2,30,6,1,10,50,7,38,0,0,0,0,0
996,12,RAIN,281,140,101,149,101,129,3,8,28.3,29.3,0,58,0,76,0,1,13,7,1,2,2,13,51,25.5,7,46,15.2,1,22,4.5,4,4,0,0,30,0.0,159.5,159,0,0,32,2,30,6,1,10,50,7,38,0,0,0,0,0
997,13,RAIN,281,139,102,149,102,128,3,8,27.3,28.4,0,59,0,77,0,1,11,8,2,1,4,11,51,21.6,8,46,17.4,2,22,9.1,4,4,0,0,30,0.0,159.5,159,0,0,32,2,30,6,1,10,50,7,39,0,1,0,0,0
998,14,RAIN,281,139,102,149,102,128,3,8,26.8,27.8,0,59,0,78,0,1,7,7,1,1,3,7,51,13.7,7,46,15.2,1,22,4.5,4,4,0,0,30,0.0,159.5,159,0,0,32,2,30,6,1,10,50,7,39,0,0,0,0,0
999,15,RAIN,281,138,103,149,103,127,3,8,26.7,26.9,2,60,0,79,0,1,8,5,0,0,3,8,51,15.7,5,46,10.9,0,22,0.0,4,4,0,0,30,0.0,159.5,159,0,0,32,2,30,6,1,10,50,7,40,0,1,0,0,0
1000,16,RAIN,281,138,103,149,103,127,3,8,26.3,27.1,0,56,0,80,0,2,6,2,0,0,5,6,51,11.8,2,46,4.3,0,22,0.0,4,4,0,0,30,0.0,159.5,159,0,0,32,2,30,6,1,10,50,7,40,0,0,0,0,0
